GaAs,GaSb,InSb,InAs,Eg_GaAs,Eg_GaAs3Sb1,Eg_GaAs2Sb2,Eg_GaAs1Sb3,Eg_GaSb,Eg_In1Ga3Sb,Eg_In2Ga2Sb,Eg_In3Ga1Sb,Eg_InSb,Eg_InAs1Sb3,Eg_InAs2Sb2,Eg_InAs3Sb1,Eg_InAs,Eg_In3Ga1As,Eg_In2Ga2As,Eg_In1Ga3As,meff_GaAs,meff_GaSb,meff_InSb,meff_InAs,loss
642,1235,454,0,1.517940047003461,0.7890039711645472,0.47536798489331794,0.5509303833236731,0.8141812194107652,0.2981595060127927,0.2109851242420821,0.24369967815896587,0.23333455157985997,0.13281318191138852,0.07810702788102582,0.2226206344324331,0.4176501571014782,0.5624861787593574,0.7017059246212103,0.9989311648522012,0.1500591534384168,0.14440575270768657,0.09080909970340205,0.09410003409211609,1.0785316354863588
1017,310,1256,1345,1.5204260886215577,0.9205704559828751,0.8319690682444452,0.8342256926301901,0.812865402440083,0.47295854755880457,0.2992472286968769,0.25561326227796993,0.2348839983902643,5.689222898563884e-10,0.0050406162884317025,1.6881434694915322e-09,0.41621816858309396,0.6489257881689693,0.7656911586205873,1.0790173587033371,0.16082011311840924,0.131422024400576,0.10324750768286821,0.1211146117908188,1.7742646177205181
643,1236,455,1,1.519710121822197,0.7884381942191913,0.4740590017770571,0.5492140785347437,0.8113813876071078,0.2970673296014802,0.21036608749867342,0.24404320515878875,0.2350287511558184,0.1338634278977228,0.07894214676226999,0.22337590872733792,0.4183889054416315,0.5634463814828093,0.7031137308497059,1.0002467929243906,0.15016132747644514,0.1442181445159912,0.09088905309891908,0.09413176107908194,1.077000842186764
1402,1712,913,0,1.5192828692854023,0.18620134368299399,0.0483838235571672,0.2244260532573779,0.8109343320269742,0.2935696634685314,0.1748182186755308,0.24599910928619223,0.23332112310196623,0.0014824369694941442,0.007114090476161378,0.10575117378410766,0.4176501571014782,0.477416602478641,0.542125295698484,0.8701222079807867,0.1791843415094995,0.1597435521706158,0.09627202878248721,0.09410003409211609,2.262847938116755
297,1400,446,626,1.51971166563276,0.7726631146194762,0.3541511752479917,0.454463113355663,0.813051118200229,0.2587223081877029,0.17470837189063593,0.22550510965732226,0.23631028430017473,0.18790269344366445,0.1541849260223745,0.22896529849281103,0.4174090734439485,0.619091922116046,0.7849840125216745,1.0813219604756348,0.14408794392871163,0.14875009124139207,0.09086259273250165,0.10121245087990911,1.1451911431917303
135,1181,1133,143,1.5171468532077406,0.8555678265901666,0.44847116028434614,0.5296079942207255,0.8109844895904047,0.4107402504020223,0.28709388173749717,0.3006546833244293,0.2343427833202431,7.329831306246426e-10,0.007465925568210235,0.05164361900043858,0.41744514172948427,0.6024239572395236,0.7727778830628929,1.0644405581238676,0.14198882956221837,0.14290313687961173,0.10038525981370473,0.0952646501712603,1.7458272781759465
854,1195,4,509,1.5189270069396488,0.737533446769367,0.48549569921998276,0.5683336287653965,0.8127998477487921,0.22164519891204384,0.1580992039153823,0.20175426585712028,0.234859257681617,0.2266394235774051,0.21695906531133607,0.27339147401110153,0.41809921763025876,0.5900969927662999,0.7235496349192463,1.0265680941189255,0.15545461405982294,0.14335658873846663,0.08791506637822007,0.09943941101743559,1.2599740079313784
365,1712,0,115,1.517432768002219,0.6320944472848263,0.17687678838567655,0.3101361886678099,0.8109343320269742,0.0748534349066509,0.0032267839242691274,0.11191434737843851,0.23527218694419716,0.21594790562102617,0.20398662676652143,0.2892811891010724,0.4154850914813363,0.5886751359124682,0.7479082553279148,1.0416985490207398,0.14498641347573704,0.1597435521706158,0.08791194912302318,0.09495366661629588,1.8813465129394715
690,915,562,493,1.5210640806607094,0.8874591237429968,0.6405224260039099,0.6822053331774828,0.8109130652558181,0.3784547956604404,0.27482844943675283,0.2792744910908223,0.23816595649733566,0.16346946510779536,0.11958838271581489,0.21950910616483177,0.41857199100592457,0.5998167430306808,0.7450197985616928,1.042953040670029,0.1512834784449272,0.13782502068895391,0.09200285392923237,0.09923206934080701,0.6545277687101425
1022,439,432,212,1.5198190242940852,0.892802511307888,0.7963259577550162,0.8134779523708227,0.8134111681858409,0.43721360252413005,0.3126374410706405,0.28768656333866804,0.2358916266066671,0.16156779143032096,0.11763280467177624,0.23767971215843664,0.417083034507288,0.547673609958345,0.6600318409365619,0.9692163483490415,0.16096964091547156,0.1324012994828157,0.09072556990384735,0.0958949350619525,0.5766552813909135
422,137,171,538,1.5180330561169184,1.1134690799414158,0.9136939565918177,0.8611289515503557,0.810173672186698,0.4502572211944927,0.3200095667390542,0.2841634345890028,0.2334181133929939,0.21357954517581612,0.19610266370170268,0.258596646871363,0.414740547713761,0.609205520149923,0.7707185273866475,1.0665402260211398,0.1459058349219335,0.13027941674927215,0.08875819590257698,0.09973557687391986,0.6239376315562455
1321,0,0,813,1.5183670641279035,0.816500187010486,0.8095978106405722,0.8292298863589793,0.8134110754414716,0.4560193571998372,0.3254853643688973,0.28555002969315674,0.23527218694419716,0.2210603845163334,0.20468926269880355,0.23481876990092668,0.4184742810132988,0.5921526509561923,0.6867490236357139,1.0086402318111638,0.1743783969158449,0.12989048762491634,0.08791194912302318,0.10477045162567335,0.7121863797248016
0,396,0,1362,1.518851572612944,1.0974360829725944,0.7995197445289591,0.7820130492916413,0.8136195397544861,0.40310857091193675,0.2946433257902231,0.2742398754715777,0.23527218694419716,0.17460027854014512,0.10459917277715215,0.08995365464769474,0.41476308426944525,0.5933407591329561,0.765403155767128,1.078378702599739,0.1406861269011718,0.1320764594771643,0.08791194912302318,0.12177640336686471,0.8679617017673819
1538,0,1093,0,1.5190364994465948,0.6960141006891845,0.7366148623969225,0.7998584428783599,0.8134110754414716,0.47931187144697673,0.2985696592746525,0.24066628789514014,0.23685859358502895,5.948219425233603e-10,0.007231819928652378,0.0470476851468613,0.4176501571014782,0.45766384146193934,0.5046126606787301,0.8432570049137652,0.18852930260343473,0.12989048762491634,0.09967661728552293,0.09410003409211609,1.7784375831431256
969,591,0,1362,1.5204722347934203,0.8824422836307166,0.7533808016140251,0.7800359665277931,0.8140111889069794,0.3653999187640123,0.26959326848643006,0.2620166708360326,0.23527218694419716,0.17460027854014512,0.10459917277715215,0.08995365464769474,0.41476308426944525,0.6478110389401069,0.7684023615257273,1.0810034516756089,0.15914038902963878,0.1338575314377781,0.08791194912302318,0.12177640336686471,0.9411034338643822
0,0,721,0,1.518851572612944,1.1700530339863866,0.922707524346043,0.8634236369500944,0.8134110754414716,0.4832745858884949,0.32266685472285683,0.26992170405370147,0.23491498468200944,0.06765968033091514,0.007796504784767735,0.1616559026339958,0.4176501571014782,0.6017376749620839,0.776304301636061,1.0678351366177012,0.1406861269011718,0.12989048762491634,0.09364114929692915,0.09410003409211609,1.231209484405743
941,0,0,0,1.519267030928177,0.9901674843811374,0.8977995039207961,0.8657087085168718,0.8134110754414716,0.4560193571998372,0.3254853643688973,0.28555002969315674,0.23527218694419716,0.2098861024791403,0.19614324856511717,0.2898626045027569,0.4176501571014782,0.5339192751554613,0.6482685262873848,0.9531749240104911,0.15815293520794546,0.12989048762491634,0.08791194912302318,0.09410003409211609,0.691056644004028
0,1712,1500,1362,1.518851572612944,0.6159955141790359,0.10186355244122301,0.27167732581472886,0.8109343320269742,0.41658201070546336,0.26397808688694896,0.3328477650155601,0.23363727003563858,1.2332243632395823e-09,0.004962618248249166,8.235231563569202e-10,0.41476308426944525,0.5933407591329561,0.765403155767128,1.078378702599739,0.1406861269011718,0.1597435521706158,0.11034391921068991,0.12177640336686471,2.1263472712211375
1538,1712,0,1362,1.5190364994465948,0.09533861983869012,0.003330145565632925,0.19352616137580392,0.8109343320269742,0.0748534349066509,0.0032267839242691274,0.11191434737843851,0.23527218694419716,0.17460027854014512,0.10459917277715215,0.08995365464769474,0.41476308426944525,0.6556980238686735,0.7126622371571687,1.0582628369463367,0.18852930260343473,0.1597435521706158,0.08791194912302318,0.12177640336686471,2.252493919379525
0,0,932,1362,1.518851572612944,1.1700530339863866,0.922707524346043,0.8634236369500944,0.8134110754414716,0.48160311566668906,0.3094803088044618,0.2526303733741608,0.23266650191949412,0.09797076104082553,0.006324109423784481,9.025846179566699e-10,0.41476308426944525,0.5933407591329561,0.765403155767128,1.078378702599739,0.1406861269011718,0.12989048762491634,0.09654811978263372,0.12177640336686471,1.5058132200280452
1538,569,0,0,1.5190364994465948,0.5714800826514743,0.6235019484090057,0.7453409658015764,0.810645868323654,0.3708034005652359,0.2736809545025672,0.2639501768976915,0.23527218694419716,0.2098861024791403,0.19614324856511717,0.2898626045027569,0.4176501571014782,0.45766384146193934,0.5046126606787301,0.8432570049137652,0.18852930260343473,0.13338892916065365,0.08791194912302318,0.09410003409211609,1.0278534197808427
0,1712,0,1362,1.518851572612944,0.6159955141790359,0.10186355244122301,0.27167732581472886,0.8109343320269742,0.0748534349066509,0.0032267839242691274,0.11191434737843851,0.23527218694419716,0.17460027854014512,0.10459917277715215,0.08995365464769474,0.41476308426944525,0.5933407591329561,0.765403155767128,1.078378702599739,0.1406861269011718,0.1597435521706158,0.08791194912302318,0.12177640336686471,2.0060816485519206
633,0,0,1362,1.5172578244035686,1.0860249051517474,0.9344036932168538,0.8794787087087802,0.8134110754414716,0.4560193571998372,0.3254853643688973,0.28555002969315674,0.23527218694419716,0.17460027854014512,0.10459917277715215,0.08995365464769474,0.41476308426944525,0.6343924120941506,0.7779081645243915,1.0853310276471442,0.14983217258592885,0.12989048762491634,0.08791194912302318,0.12177640336686471,0.851581308487797
0,400,0,0,1.518851572612944,1.0957974900049567,0.7966489200683814,0.7791205204278646,0.811079022552802,0.40097625992689795,0.2931111142080198,0.2734366954604188,0.23527218694419716,0.2098861024791403,0.19614324856511717,0.2898626045027569,0.4176501571014782,0.6017376749620839,0.776304301636061,1.0678351366177012,0.1406861269011718,0.131950543685927,0.08791194912302318,0.09410003409211609,0.6609810280719166
1538,1712,1500,1362,1.5190364994465948,0.09533861983869012,0.003330145565632925,0.19352616137580392,0.8109343320269742,0.41658201070546336,0.26397808688694896,0.3328477650155601,0.23363727003563858,1.2332243632395823e-09,0.004962618248249166,8.235231563569202e-10,0.41476308426944525,0.6556980238686735,0.7126622371571687,1.0582628369463367,0.18852930260343473,0.1597435521706158,0.11034391921068991,0.12177640336686471,2.360236851253391
1538,0,378,1362,1.5190364994465948,0.6960141006891845,0.7366148623969225,0.7998584428783599,0.8134110754414716,0.47508729516365855,0.3312835441051561,0.2838406019261313,0.233718679516078,0.17640392679701883,0.10596110277584386,0.07160042940851827,0.41476308426944525,0.6556980238686735,0.7126622371571687,1.0582628369463367,0.18852930260343473,0.12989048762491634,0.09019529450468666,0.12177640336686471,0.949423987140069
0,712,0,631,1.518851572612944,1.0123179796248867,0.664836009868074,0.6863984727748671,0.8115727317602835,0.34121186696486266,0.25281834267280723,0.25345936197622243,0.23527218694419716,0.22640146599573588,0.21478797055809015,0.2606200731880082,0.41881706251888784,0.6171197270585528,0.796235015013272,1.0915773922939755,0.1406861269011718,0.1350239860867758,0.08791194912302318,0.10134919783496518,0.8651814262569851
0,0,0,602,1.518851572612944,1.1700530339863866,0.922707524346043,0.8634236369500944,0.8134110754414716,0.4560193571998372,0.3254853643688973,0.28555002969315674,0.23527218694419716,0.22627567479733257,0.2149633221069455,0.26240466616240515,0.4162049793561503,0.6129991014371026,0.7949615713327093,1.0903998084678501,0.1406861269011718,0.12989048762491634,0.08791194912302318,0.1007751853869708,0.7234926814786621
1538,586,424,774,1.5190364994465948,0.5663335794464591,0.6168284167846361,0.7405534174469998,0.8153313327591929,0.41425988226537236,0.2988620603574401,0.28273807543624085,0.23441338616500693,0.19404912344788994,0.1602623210245375,0.21583425687458238,0.41827845051243184,0.5707348210119031,0.6403080393386147,0.9783092682308483,0.18852930260343473,0.13389704774303365,0.09059734933781041,0.10395545492442389,0.7881293976611333
887,446,0,496,1.5190234184785483,0.9445975180328786,0.8125202378743682,0.8146350379061034,0.811561563939664,0.39337130179767676,0.2885387296459335,0.27105537569222293,0.23527218694419716,0.22696610952412094,0.21732543352220002,0.2741057269420804,0.41740807327763246,0.5855686210748337,0.7173039169904353,1.0219389835220116,0.15643801006471683,0.13234388155080912,0.08791194912302318,0.09923156546225714,0.8099507212575862
986,0,560,724,1.5171494098939309,0.9696109810603322,0.8896934766321981,0.862219524931421,0.8134110754414716,0.48102593378906416,0.32871633665709565,0.2788714300411335,0.23529958568828038,0.17394197870531372,0.12892308940420152,0.20587897792636192,0.4188771623671824,0.6019321506711829,0.7269920245482546,1.0326595363644249,0.15955136309984266,0.12989048762491634,0.09186219912741299,0.10300410653895223,0.5031248255281304
1538,0,295,333,1.5190364994465948,0.6960141006891845,0.7366148623969225,0.7998584428783599,0.8134110754414716,0.47170942762258034,0.33149487603376654,0.2857089888176041,0.2346764729525696,0.1923807307477867,0.16591685744977022,0.2579560102922405,0.41712096070229454,0.5046517871499193,0.5622285496677519,0.9039205008759942,0.18852930260343473,0.12989048762491634,0.08961625040554891,0.09716770615305417,0.6940668568424195
600,503,478,1037,1.5211465323554438,1.0222722533414135,0.8108533424797616,0.8023970793394388,0.8142023484619789,0.43313096195170075,0.30943314148365814,0.2864457490756632,0.23397151001107655,0.18699978911309786,0.1372757514799723,0.16153186932452834,0.4181352627441769,0.629043703738645,0.7808377085294889,1.0821358420562066,0.14931165158614276,0.13299657595595127,0.09104834417471953,0.11030161005123372,0.590102710522704
0,0,0,0,1.518851572612944,1.1700530339863866,0.922707524346043,0.8634236369500944,0.8134110754414716,0.4560193571998372,0.3254853643688973,0.28555002969315674,0.23527218694419716,0.2098861024791403,0.19614324856511717,0.2898626045027569,0.4176501571014782,0.6017376749620839,0.776304301636061,1.0678351366177012,0.1406861269011718,0.12989048762491634,0.08791194912302318,0.09410003409211609,0.6321346650406017
0,564,575,726,1.518851572612944,1.0545502995285423,0.7307562576783884,0.7337830356182076,0.8099530145052349,0.4319523482204204,0.308054510823663,0.2869780468543009,0.23368835648763017,0.17003208364552483,0.12378993838885184,0.20187622902209365,0.41683300659914757,0.6165819170475482,0.7953530625629329,1.0921828047690354,0.1406861269011718,0.1332901006813889,0.0919455700158471,0.10296138725711869,0.5015595050836623
0,875,633,1362,1.518851572612944,0.9590838368022254,0.5840400954673965,0.6284538727065535,0.8107277872381273,0.39342802329623966,0.2840584249451433,0.2833066753089811,0.23563120904266993,0.15952628761439877,0.06873421727942285,0.03949915701094315,0.41476308426944525,0.5933407591329561,0.765403155767128,1.078378702599739,0.1406861269011718,0.13718968493321346,0.0926435768285299,0.12177640336686471,1.1679637959896902
549,326,796,546,1.5200914331917301,1.0654686216631866,0.8648111013989415,0.8356994370071767,0.8115268960339594,0.4688884897320223,0.3226706349084035,0.28480695911597576,0.23695796358001114,0.1126932959708576,0.047812751944180575,0.17247198923835483,0.41482199737223224,0.6036637973711261,0.7620256563961516,1.0593108972050351,0.14824478364474916,0.13144714133089266,0.09470706980953546,0.09985732418849727,0.8929790294474992
1079,353,415,836,1.5199432563713924,0.8826429720618922,0.8084588616506574,0.8226260014598948,0.8099556199072807,0.4446701455103704,0.3161879154328188,0.2876678028365374,0.23622732687477443,0.19613806328884925,0.15950720825736628,0.2062143748841482,0.4163608646418978,0.6062180080797265,0.7248600937211378,1.034793539800017,0.1631508505173158,0.13153567785323667,0.09059687605317895,0.10517819822543044,0.55181802254211
1538,0,722,817,1.5190364994465948,0.6960141006891845,0.7366148623969225,0.7998584428783599,0.8134110754414716,0.483622185323089,0.3232636091280042,0.270856839547601,0.23649991935568063,0.14881144039576902,0.0894747068392429,0.16664217519552094,0.41913635668435467,0.5777152871996073,0.6468328626996316,0.9851801416755593,0.18852930260343473,0.12989048762491634,0.09372258336686175,0.10488272117739908,0.7837698592686688
702,0,432,0,1.5167930358985569,1.067990757151465,0.9283383860077353,0.8775541343542808,0.8134110754414716,0.4775683828105664,0.331381061586545,0.2838894929968198,0.2358916266066671,0.13961225554488885,0.0866765284898048,0.22772520634805743,0.4176501571014782,0.557044605284001,0.6914739615509292,0.9898226595986411,0.15136543720075177,0.12989048762491634,0.09072556990384735,0.09410003409211609,0.6592156970757475
0,681,446,270,1.518851572612944,1.022356572934962,0.6795985327064072,0.6982698424842572,0.8136723470242351,0.40455812975045546,0.2935029816280633,0.2827385982758056,0.23631028430017473,0.16457895096174618,0.12139429127846262,0.23744855964048853,0.41764467131290517,0.6122130320393095,0.7892495472517629,1.0812003246667956,0.1406861269011718,0.1347902579627938,0.09086259273250165,0.09649808834711025,0.5391341779208605
499,456,262,0,1.517641184630505,1.0490855336479534,0.8227425652747704,0.8056824961730299,0.8103655446480853,0.4180233769458691,0.30257623510506576,0.28163696230959234,0.23559478684372254,0.1723787980448233,0.1350860331284808,0.25691913534204475,0.4176501571014782,0.573575115996826,0.7227248717600525,1.0174411834226547,0.14720713191083687,0.13235238215670025,0.08942519552299197,0.09410003409211609,0.5069986040466592
340,628,382,553,1.518235904719623,1.0322777146276743,0.7533741956622046,0.7558251605718598,0.8132395712563342,0.4072827562720242,0.2958123408919904,0.2815842334963458,0.23430001024124839,0.19227141239032478,0.16270470249657049,0.24170596091661534,0.4182032221712009,0.6133821450157327,0.7789625711690717,1.0734276430608498,0.1446487435164828,0.13413954432581066,0.09025058173664194,0.10008741167453145,0.5168239367006415
0,0,354,981,1.518851572612944,1.1700530339863866,0.922707524346043,0.8634236369500944,0.8134110754414716,0.4744290970570406,0.3318248952803535,0.28517513301943864,0.2352729086193772,0.19986826264023536,0.1630241681883253,0.1836524063341249,0.41722577272996586,0.6119755118431711,0.7879505323533865,1.091223275835387,0.1406861269011718,0.12989048762491634,0.09007365774716673,0.10871733748915981,0.5568632444834597
0,284,363,475,1.518851572612944,1.12141159291318,0.8386612992010866,0.8075583296655441,0.8118003782486827,0.44859704486578095,0.3180294257349451,0.2853896833069611,0.23307672955485303,0.18972454889943596,0.16102755093900972,0.245444281889367,0.41684923253413897,0.6158677013821591,0.7940280000137503,1.0880893650058758,0.1406861269011718,0.1311900529373639,0.09005334414644113,0.09892144269790998,0.44240965190933285
809,0,480,1176,1.5174431686870553,1.0360826055203893,0.9166111270201576,0.8732346449928349,0.8134110754414716,0.4782172967609488,0.3290501769989081,0.2795739829272088,0.23212924810667776,0.1798329323244807,0.1209013393833083,0.1257430187371613,0.41850323020111635,0.6357998020794252,0.771861022923954,1.0764507313819993,0.15411694585560137,0.12989048762491634,0.09098998541372803,0.11469569178943767,0.6991342987770303
0,382,309,915,1.518851572612944,1.1004784224354793,0.8043982695914962,0.7850990876247504,0.8129179358769281,0.43362768440014626,0.3108371637524071,0.284112120792502,0.23364532056576792,0.2032877873232019,0.17262292903833515,0.19899523674428918,0.417720114141229,0.6140635419783557,0.7927211098268119,1.0921412358505767,0.1406861269011718,0.13192819809206247,0.08967411594678285,0.10706078517226975,0.5468753458503087
1002,0,278,452,1.5171464030952297,0.9635303017918698,0.8867595410883161,0.8609968039739825,0.8134110754414716,0.47136207687184173,0.3323088175130818,0.28734202739541914,0.23664215897680904,0.20278902345361982,0.17905308814546453,0.2583330148231233,0.4188743456752747,0.5766807678164244,0.6948154641750572,1.001850103812507,0.16011124040511734,0.12989048762491634,0.08957667831670992,0.09868613016209356,0.558031144570621
440,0,0,0,1.516704055508805,1.1259949019656121,0.9425888904053144,0.8804311603080671,0.8134110754414716,0.4560193571998372,0.3254853643688973,0.28555002969315674,0.23527218694419716,0.2098861024791403,0.19614324856511717,0.2898626045027569,0.4176501571014782,0.5776889750559016,0.7302346056210376,1.023921508191439,0.14614499925837499,0.12989048762491634,0.08791194912302318,0.09410003409211609,0.6576979952312608
398,0,471,806,1.5195515670272424,1.1346359842466684,0.94411214341309,0.8804922679255174,0.8134110754414716,0.47827571168801786,0.3298274238356703,0.2809554949754788,0.23364344323739808,0.18772313041393468,0.14887327525756622,0.20517919335115373,0.4182611154018865,0.6217898835285756,0.7845080938855742,1.0819161736988285,0.14558512318440517,0.12989048762491634,0.09097228197370019,0.10461270055631111,0.5038036397062032
867,616,112,0,1.5176035617019987,0.9154750644673395,0.7606927946252109,0.7806254388771854,0.8092466269048142,0.37953177409726574,0.27934952217317033,0.2694879929146316,0.23551022177593306,0.19613080726671864,0.17499918187098826,0.2776185536250884,0.4176501571014782,0.5414226554809339,0.6621619728855932,0.9643339312249655,0.15576985236984825,0.1337254303496446,0.08850030168423025,0.09410003409211609,0.6832143348333636
0,0,514,634,1.518851572612944,1.1700530339863866,0.922707524346043,0.8634236369500944,0.8134110754414716,0.4794238103072017,0.32881475358758067,0.2790923961115569,0.23756474454459284,0.17626013570745291,0.1377123490715465,0.21904295206560548,0.4178827062892243,0.6171763543047238,0.7962070850144279,1.091393040855227,0.1406861269011718,0.12989048762491634,0.09154732352434791,0.10136387326317067,0.45885761535715347
815,0,253,862,1.518272183361309,1.034580996464339,0.9161667731312414,0.8731064134888668,0.8134110754414716,0.469557972231252,0.3309686231132464,0.28553668506531527,0.23394462063514282,0.20871140266251934,0.18303021373254594,0.21558352222066315,0.41887897123374856,0.6192792827910976,0.7580379142459509,1.05949987956246,0.15432116820215164,0.12989048762491634,0.08929833330773235,0.10586169723497074,0.576259030433868
945,904,507,1043,1.5208419765402341,0.8037426717127026,0.6240197709899657,0.6857492546832509,0.8124867786781944,0.37265192251930407,0.2699919232963449,0.27285114291064544,0.23754780452240482,0.1825424902658086,0.13016272533187762,0.15664205731830597,0.4174873071630506,0.6283497173361579,0.7575774834039525,1.0645663561366077,0.15835852601933723,0.13775761068659367,0.09148102107348614,0.11044440778671001,0.7775073295542834
1538,457,0,1122,1.5190364994465948,0.6023206094786955,0.6610319366289933,0.7654009859714175,0.8121969377978276,0.3917937657860949,0.2876349385054712,0.27062226814635304,0.23527218694419716,0.2002577658061545,0.16175500443976262,0.16195951465641759,0.41679339498547857,0.620840202873774,0.6874274154646015,1.0296245894389353,0.18852930260343473,0.13247428132924494,0.08791194912302318,0.11281484314236977,0.8388089888354556
668,384,376,330,1.5179228161661997,1.0267745077582227,0.8474628746838007,0.8269243129223381,0.8116278870126223,0.4387848961851425,0.3134753332419494,0.28678561899673016,0.23568279463522085,0.18135463917213293,0.1490220385100325,0.24850026526484859,0.41855393338691643,0.5878309436921515,0.7313121252867611,1.0294644786047362,0.15063566294839792,0.13186379869814058,0.0902597114615685,0.09718379583022797,0.47178962329550694
1538,0,309,802,1.5190364994465948,0.6960141006891845,0.7366148623969225,0.7998584428783599,0.8134110754414716,0.4721299265113352,0.3310962145893648,0.28478963947103964,0.23364532056576792,0.20475201135664603,0.1778676065531911,0.22196342958225238,0.41767632997902576,0.5745018862965326,0.6440248357353832,0.9825424270535853,0.18852930260343473,0.12989048762491634,0.08967411594678285,0.10450528895652512,0.6648324034870025
251,0,368,343,1.517715139477633,1.15238951454148,0.9386231846712773,0.8763429254395131,0.8134110754414716,0.47491063992202576,0.3316865764849264,0.28459026502940066,0.23453043397868858,0.18258053067245045,0.15130046400629008,0.24899076035425063,0.41811771023178695,0.6081025884166414,0.7749081722735713,1.0677259204686,0.1434050330043947,0.12989048762491634,0.09015009789355738,0.09731656239134537,0.459097760958925
0,871,442,682,1.518851572612944,0.9608834048457231,0.5868914586986564,0.6310083343389601,0.8122723977678591,0.3702908585365897,0.2698685895193748,0.2729134394690617,0.2355215272975573,0.18951925893463345,0.15612213593804242,0.22420813967700534,0.41727459586481863,0.6183400808852426,0.7951649714413639,1.0917928446294625,0.1406861269011718,0.13723326863524826,0.09079562768717922,0.10217212586358147,0.6649180072098029
1538,655,571,1362,1.5190364994465948,0.5458179559567164,0.590837744013656,0.7207163108207013,0.8115878207010652,0.42023410905289077,0.30237540009055824,0.2883866789132077,0.23717955042875485,0.16967516746082367,0.08173469381980174,0.04937974361800426,0.41476308426944525,0.6556980238686735,0.7126622371571687,1.0582628369463367,0.18852930260343473,0.13435997331670574,0.09205207453083002,0.12177640336686471,1.1830763446366157
621,0,463,483,1.51704919945499,1.0886680852253852,0.9359002616863887,0.8796083358796318,0.8134110754414716,0.47867684546615485,0.33116780303509386,0.28317448555935576,0.23655677306370243,0.17755296147815186,0.1409574713538928,0.23279404690591268,0.4165873789793993,0.6004168105500068,0.7489686641694161,1.0466874915894104,0.14956813644978087,0.12989048762491634,0.0910219818017001,0.09902125632129531,0.46557021651314984
260,375,377,233,1.5185807246931582,1.0954252365835702,0.8371168624871971,0.8098465612128507,0.8102389065399127,0.4393986443539521,0.31426962932773633,0.2874782927182778,0.2369495072798603,0.17461359474946203,0.1397502599126302,0.24833994506246834,0.41866281046231235,0.6036435917247603,0.7699204630004841,1.0629452026298412,0.14354739444517625,0.1317124635345986,0.09031925872152051,0.09615584330800214,0.4389955730520366
1002,697,385,559,1.5171464030952297,0.8382190785603382,0.7094775505761922,0.7509357084161955,0.8110609053033239,0.39306987625940126,0.2856223787737997,0.27690054283133475,0.23362610005308845,0.19120182187606277,0.16121316387023887,0.2394051097954191,0.41602982109977205,0.5841282507918435,0.7064992857065855,1.0128029057804706,0.16011124040511734,0.13481024633976615,0.09024687121791376,0.10009732214998865,0.6205396663572026
189,243,480,631,1.520044475300992,1.1239520524945583,0.872370698054232,0.8318701486793102,0.8100540144552938,0.4586369980204567,0.32052429914317054,0.2842603027885542,0.23212924810667776,0.17986277785514068,0.14533912226636694,0.22407454233686946,0.41881706251888784,0.6187847696553248,0.7904589534247354,1.0857825213021206,0.14272714574848913,0.13083534423599927,0.09098998541372803,0.10134919783496518,0.4368670745723026
1538,0,0,0,1.5190364994465948,0.6960141006891845,0.7366148623969225,0.7998584428783599,0.8134110754414716,0.4560193571998372,0.3254853643688973,0.28555002969315674,0.23527218694419716,0.2098861024791403,0.19614324856511717,0.2898626045027569,0.4176501571014782,0.45766384146193934,0.5046126606787301,0.8432570049137652,0.18852930260343473,0.12989048762491634,0.08791194912302318,0.09410003409211609,0.8707442767962932
516,652,443,180,1.5200045465460277,1.004876107595912,0.7544201023829571,0.7604728156100214,0.8133453665033689,0.4095473291859585,0.2972066585902106,0.2846142434481583,0.2368607241861226,0.15664902704767594,0.1096230746744087,0.2334852722676821,0.4148936356802223,0.5842300665173104,0.7366319985775905,1.0331873719948625,0.14761710644063053,0.1344245468298831,0.09085945369031077,0.09551632419644257,0.566310675862187
0,382,329,0,1.518851572612944,1.1004784224354793,0.8043982695914962,0.7850990876247504,0.8129179358769281,0.4357516333802355,0.31254131555307474,0.2860266644727027,0.23565393678917174,0.1602811461235831,0.11725940331977891,0.24619641845457144,0.4176501571014782,0.6017376749620839,0.776304301636061,1.0678351366177012,0.1406861269011718,0.13192819809206247,0.08990113749817194,0.09410003409211609,0.47601358591807674
448,836,307,995,1.5198788400736223,0.9639691100827875,0.6699889792313365,0.6951626673696416,0.8132616419818867,0.3592696340896937,0.26307605720935023,0.2661585074499297,0.2356829998005324,0.20307546024039747,0.16921499990308583,0.18487427568868509,0.41834134044117594,0.6256603219924896,0.7853460596033697,1.0849721790383484,0.14641641643962264,0.1367814488785234,0.08974214071969287,0.10914123765503132,0.7213962622095011
726,247,447,689,1.5192631278608069,1.0339504278628109,0.881214032385136,0.8507833991544218,0.8118851030411838,0.457776285564838,0.32130701708552734,0.28574715206777357,0.23308219818364714,0.18717372130188809,0.1538107422009859,0.22200741465616836,0.4165291651183987,0.6088795206154278,0.7541739600245543,1.054745134971284,0.1520576933291202,0.13096939108691685,0.09073804674918941,0.10226752020575568,0.47318757314995513
84,194,245,156,1.5196662725182482,1.1373641036941065,0.8772610839528462,0.8337699955778232,0.8108085475434358,0.4495636363425663,0.31958422776690953,0.28492978951254877,0.23346088228510645,0.18631076418663323,0.15991030113184693,0.26252739568422745,0.41567238834663445,0.6040965656166883,0.7777684960777215,1.0703693438626274,0.1415430083177285,0.13060666520939074,0.08922558970644492,0.09532198021505012,0.45848192814361344
106,0,349,639,1.5206316111859572,1.1666181079275,0.9319858096290895,0.8701483478084644,0.8134110754414716,0.4738380274565597,0.33094124090415716,0.28406579056337544,0.23352474244196267,0.19783890879330696,0.16975050448341697,0.23617312703214507,0.4148376565690724,0.6159130857598146,0.7921119932653123,1.088511627704517,0.14181351269086348,0.12989048762491634,0.08996453423777633,0.10133181580725757,0.5025780867655192
0,223,566,817,1.518851572612944,1.1331078251410232,0.8578928245334513,0.8200816963391193,0.8104551203880505,0.4652747913503324,0.32516803022572605,0.2846932117200842,0.2346564363204809,0.1755817030400712,0.13155714430592239,0.1925354691266999,0.41913635668435467,0.6173603954851963,0.7957741870432213,1.093040728679468,0.1406861269011718,0.13074474590093954,0.09189534175697787,0.10488272117739908,0.4748766450848415
0,0,0,1362,1.518851572612944,1.1700530339863866,0.922707524346043,0.8634236369500944,0.8134110754414716,0.4560193571998372,0.3254853643688973,0.28555002969315674,0.23527218694419716,0.17460027854014512,0.10459917277715215,0.08995365464769474,0.41476308426944525,0.5933407591329561,0.765403155767128,1.078378702599739,0.1406861269011718,0.12989048762491634,0.08791194912302318,0.12177640336686471,0.8487569147749685
0,361,561,423,1.518851572612944,1.1043500477450117,0.8104336425673239,0.7885810772034876,0.8095180093775612,0.4530578821930781,0.31888637652787893,0.28832614514850835,0.23673980821337975,0.15771192742707132,0.11205721025671639,0.22074688361497274,0.41675581558037655,0.6170494971031659,0.7942746039677068,1.0872088971665859,0.1406861269011718,0.13156581966878006,0.09193284652779261,0.09822338946172389,0.47736505025738624
491,163,310,176,1.5195500425929442,1.0999682538050666,0.9100160323185831,0.86211621362544,0.8132781971235507,0.45857852941961275,0.32367106505807586,0.2867327199262529,0.23485419868344012,0.17870800293734523,0.147335594862809,0.25441711101384323,0.4157038494959738,0.5858611775716804,0.7392664089283258,1.0350154912522946,0.14714677093846784,0.13059371604475886,0.08973018438334328,0.09550646704595359,0.46624029341033485
1538,296,0,536,1.5190364994465948,0.6412968528967297,0.6977455751401055,0.7897251784513503,0.8129781049284087,0.41843590589493823,0.30414281084554123,0.27813081968530723,0.23527218694419716,0.22690348865631574,0.21674014592377758,0.2702143596651369,0.4169400881023199,0.5346760216327782,0.6001351767452934,0.9391473055661829,0.18852930260343473,0.13133791151735738,0.08791194912302318,0.09978720193247434,0.9224915195641001
1241,196,521,529,1.5210205528077332,0.8315723128870758,0.8110534652443406,0.8320382163271313,0.8139811100234247,0.4675779996949034,0.32770179320571546,0.28634160961090954,0.23735015181028135,0.17062955045490194,0.13142468991425332,0.22496231355457774,0.4182512027455514,0.565028317472147,0.6618265027640841,0.9819397712383253,0.17035993311425457,0.13080817202365497,0.09157636766993398,0.0997336697183072,0.5386371202414575
0,0,324,314,1.518851572612944,1.1700530339863866,0.922707524346043,0.8634236369500944,0.8134110754414716,0.4728807839005847,0.33146154567995334,0.2848709483120872,0.23398984745142673,0.18631207488500467,0.15743440181545973,0.25375819200475397,0.4159637663617573,0.6119555213954712,0.7895733895064497,1.082513104097522,0.1406861269011718,0.12989048762491634,0.08979685888060501,0.09691381882965554,0.4530513938877636
262,436,492,862,1.5165476142118246,1.0822800666885342,0.8169908928659474,0.7970215230115941,0.812820242172767,0.44144898726251625,0.31399411977232256,0.28747860609690834,0.23942725342179236,0.18687483717676742,0.14650670436835295,0.19257320704210665,0.41887897123374856,0.6221890799624632,0.7896380115636072,1.0880136408049732,0.14348930427864878,0.13234039597557812,0.09141879727078059,0.10586169723497074,0.49529771082244256
0,438,310,227,1.518851572612944,1.0869180694243066,0.7823066236157933,0.7694844620189376,0.8115910450559514,0.42571591929774,0.3065081960712319,0.28351080993611993,0.23485419868344012,0.18309727089305203,0.15352871524168007,0.25657205125251675,0.41759137433405746,0.6106116869290211,0.7868297582814494,1.0792366651866276,0.1406861269011718,0.1322805266913922,0.08973018438334328,0.09605959149890579,0.4531325635709765
840,276,247,0,1.5184589723108919,0.9895427622337586,0.8630960435568303,0.844678246441093,0.8126470552707475,0.4421201866738045,0.31622006246480366,0.2862230849020269,0.23583322988487795,0.17515228294843274,0.1390753502023941,0.25926185581567734,0.4176501571014782,0.5442760416798927,0.6675008000406079,0.9691845925938101,0.1550294685345557,0.1311913788075436,0.08933425076273221,0.09410003409211609,0.5315629480781116
1270,0,0,1362,1.51781757377919,0.842749144351191,0.8256236677721177,0.8351559414054998,0.8134110754414716,0.4560193571998372,0.3254853643688973,0.28555002969315674,0.23527218694419716,0.17460027854014512,0.10459917277715215,0.08995365464769474,0.41476308426944525,0.6534783851507376,0.7443760654356499,1.0688474239999284,0.17162707475666047,0.12989048762491634,0.08791194912302318,0.12177640336686471,0.8593532293419697
429,233,440,471,1.518969500741024,1.1003400009975006,0.8896329944548411,0.8489835943228828,0.8125658532856775,0.45898591504811415,0.32195777208341136,0.2856691042045103,0.23285284235780312,0.17795040968273534,0.14379509381298183,0.23574859988295693,0.4169912537604779,0.6076543790483824,0.7677884834780144,1.0631867941154352,0.14605906385500025,0.13092896201401255,0.09066849728819805,0.09887232862101109,0.4435789344162528
0,474,435,584,1.518851572612944,1.0787420957053615,0.7694247799681077,0.7614690154823859,0.8144784635446529,0.43333361294439066,0.3104258493235449,0.28703800402159924,0.23531764367472113,0.1868762087844099,0.15424315351631418,0.2332925199875689,0.4177733618598021,0.6168302066569308,0.7957465094836892,1.090448535909879,0.1406861269011718,0.13276162147251977,0.09072739981158971,0.10054835425089177,0.4467698763677473
1200,0,406,794,1.5167493616998093,0.8777179345069213,0.8450693358149147,0.8424933842483012,0.8134110754414716,0.47612343135084223,0.3307139289852174,0.2828585671046868,0.23359834047941877,0.19564230110064493,0.16228233687760227,0.21383389897467742,0.4165238826604045,0.5953873842856318,0.7020551937630746,1.016952714594511,0.16814777106931927,0.12989048762491634,0.09041509361410319,0.10429260508027131,0.5302676567298081
660,578,426,724,1.51910984581762,0.989305406162331,0.78046353253841,0.7822595661484267,0.8100270831617782,0.41584881524247574,0.30056720028197653,0.2847442032256394,0.23705633097638476,0.1947030510054726,0.16131922209903563,0.22306211722651723,0.4188771623671824,0.6148278123800227,0.763469389527034,1.0621577609035129,0.15051024628278314,0.13345054485971986,0.09072284395268473,0.10300410653895223,0.5267451387172863
276,242,297,0,1.5243110072678279,1.1185331499507114,0.8808140011045648,0.8400486605309243,0.8131188079528567,0.45028794421801316,0.3208281536441654,0.28801096337629645,0.23707190252467805,0.16726279329662894,0.12675492737714025,0.2518413166619205,0.4176501571014782,0.5888868259627783,0.7512372643486953,1.044468140283479,0.14402386321686825,0.13101456350725005,0.08972714288852263,0.09410003409211609,0.46991356257516337
117,182,425,335,1.5212216407719297,1.1388045098885526,0.8844354154032542,0.8386817752200547,0.810522913651436,0.4620871938229325,0.3239370911393375,0.2866799094873401,0.23573374575528044,0.1736282222281465,0.13829509416050167,0.24172862523946134,0.41902614599327226,0.6131153404923165,0.7861436750346049,1.079058748300043,0.1419557666660303,0.1305262525793813,0.0906600268537682,0.09725689549364691,0.4266832274463693
869,182,459,440,1.5209646280710825,0.9967322703832492,0.8802816146538076,0.8549910550818889,0.810522913651436,0.4636357369916268,0.3240467309167313,0.28614612492613156,0.23574159298635053,0.1750160795861518,0.13909732320027934,0.2361779223371857,0.41948357134473463,0.5853978439172329,0.7155693289964355,1.0189557278889876,0.15599213332370956,0.1305262525793813,0.09095314428843182,0.09855058137184362,0.4701522581219657
163,584,288,0,1.5172078084033405,1.0506854104648018,0.7473202983804973,0.7465120185164337,0.8165389596805877,0.4007701472190668,0.2918367345988979,0.2779457101545706,0.2351973523485279,0.16748368813716547,0.12808766100851315,0.25275141124246714,0.4176501571014782,0.5942076308577819,0.7615719304368856,1.0535151732371038,0.14230680356320116,0.13395423343715304,0.08958804064004157,0.09410003409211609,0.5213287952880432
170,401,453,452,1.517497050696625,1.0941280867316578,0.8193783567440688,0.7975269447566463,0.8128678684382935,0.442893524982551,0.3157601847357695,0.28864630128319163,0.23691453471644092,0.17749093311957528,0.14187269922908333,0.2366914393449351,0.4188743456752747,0.6146077317357155,0.7857043834251799,1.0787098296966138,0.14240003344449925,0.13206825977652614,0.09094954229265076,0.09868613016209356,0.42567283020114904
463,265,318,973,1.5189135175925992,1.089902536736089,0.8819377660095641,0.8452060084279244,0.8132784806654225,0.44900334301335065,0.3194577159624444,0.2871753531441647,0.23563137877420384,0.20243171636496401,0.16843417882764142,0.18657420014221374,0.41518944642142785,0.6224917187774406,0.7831997385017962,1.0825863258212873,0.1466290513739766,0.13116191967618565,0.08981962755555474,0.10841640779710215,0.5675644802715053
0,263,386,253,1.518851572612944,1.1251533200555415,0.8446093604318836,0.8109702901095913,0.8099558804706352,0.4517327483976563,0.320161111093125,0.2866356311071173,0.2349014629787064,0.17253140664735406,0.13733797517110702,0.24456469861274802,0.41494342757490676,0.609762674461818,0.787235615518631,1.0798000022822594,0.1406861269011718,0.1309485571763614,0.09030692402618765,0.09622934351752115,0.417147270459335
0,238,481,636,1.518851572612944,1.1304617241558703,0.8535519899073718,0.8175040315628115,0.8112988606242946,0.46018339796624697,0.32184306733453955,0.2854353545361441,0.23348107577733884,0.180320122562373,0.14487719222541043,0.22207922149274673,0.4157671908382051,0.6150974753391608,0.7951950214127902,1.0909058203976303,0.1406861269011718,0.13088136294968197,0.09105498041296115,0.10131684661230106,0.42517602409714716
1114,0,519,368,1.5200600233732078,0.919705599757496,0.8657612571088051,0.852009793850206,0.8134110754414716,0.47907174414956777,0.3277798849178029,0.2774219824354177,0.23443688067006888,0.15407400320379258,0.1118233395738001,0.22356162313789554,0.4159358462513496,0.5520916785671347,0.6617039774690493,0.9751871490813477,0.1645583239877633,0.12989048762491634,0.09146082740002338,0.09754578745266451,0.5687069566097152
0,123,447,452,1.518851572612944,1.150821202180823,0.8887701822494488,0.8408346343774669,0.8118749685027479,0.4681375115222352,0.3273870452264681,0.2839111645713654,0.23308219818364714,0.17614691335028015,0.14147992124210762,0.23660581704883524,0.4188743456752747,0.6170911853006275,0.7946100884714715,1.0879458520719771,0.1406861269011718,0.1303146714845048,0.09073804674918941,0.09868613016209356,0.4208796860033374
103,393,408,171,1.5213361544926536,1.0999608541837733,0.8154997978615913,0.7938959614848254,0.8131062343407254,0.4412299730842403,0.3148104254634136,0.2879257187558538,0.23619241053238485,0.16235758863627467,0.11798196274935979,0.23950135472506232,0.41567594594228985,0.604483414232017,0.7779545211933581,1.0708610451708012,0.14180981620321426,0.13202210173753184,0.09053779170883915,0.09545923952106228,0.4686270829391604
277,429,496,603,1.518759412286399,1.0806100999514823,0.8185811001259856,0.7973955365570773,0.8098568545420586,0.44003046693509035,0.31163029678548204,0.28423432819232386,0.2357185422272475,0.17507457474050517,0.13924194401624485,0.22268878226060448,0.41736659032881274,0.6157481119572007,0.7832813183387388,1.0778267881413446,0.1437983466519659,0.13210109506591408,0.0913011898280718,0.10083503011341448,0.44404033659763303
715,0,468,704,1.5197965603859644,1.0659046496776912,0.9281087727602534,0.877692192155319,0.8134110754414716,0.4782936179036276,0.330086546763388,0.28141066373974233,0.23416809442284092,0.18547777374457317,0.15018567951540104,0.2183363347900557,0.41683845319139756,0.6102809456131205,0.7563634148653415,1.0573037642287078,0.15181515037965745,0.12989048762491634,0.09096737471875,0.10255219914723747,0.47843254166310983
270,248,355,360,1.518887270417287,1.1187154223420872,0.8792064785444148,0.8390203187513453,0.8135246046242867,0.4537352503388632,0.32181812198586435,0.28823491538928603,0.23651558693446392,0.18597976848362885,0.15471224433898362,0.24773882709121028,0.41546747170873566,0.6050713619525844,0.7734662575247733,1.0684559022446696,0.1436928653940246,0.13107441751967241,0.09013184266002555,0.09743012045454942,0.44781953054271145
0,172,335,314,1.518851572612944,1.1428666729444743,0.875272980245132,0.8327026828700534,0.8133971625231327,0.4592603244708092,0.3235957988887021,0.2863164500698757,0.23411287086585458,0.18463135455275612,0.15503438292186228,0.25233988703480853,0.4159637663617573,0.6119555213954712,0.7895733895064497,1.082513104097522,0.1406861269011718,0.13064678117943976,0.08988323135206377,0.09691381882965554,0.43163053238722054
0,901,202,0,1.518851572612944,0.9502301042802052,0.5708422905144337,0.6189554438193314,0.8110558274790398,0.3277434340551815,0.2403487783917543,0.2505433548749759,0.23319341932377796,0.180477076907521,0.1481128804977683,0.2650051805851951,0.4176501571014782,0.6017376749620839,0.776304301636061,1.0678351366177012,0.1406861269011718,0.13761326957914113,0.08893913168919473,0.09410003409211609,0.7607083194476878
0,0,274,0,1.518851572612944,1.1700530339863866,0.922707524346043,0.8634236369500944,0.8134110754414716,0.4711078384697643,0.3321688746870941,0.2871714280770154,0.23637191196065024,0.1708691189597489,0.13241594259058906,0.2552877287275958,0.4176501571014782,0.6017376749620839,0.776304301636061,1.0678351366177012,0.1406861269011718,0.12989048762491634,0.08953826848438262,0.09410003409211609,0.4537298261949171
1067,527,652,711,1.5207997200818801,0.8515847516175729,0.7622197132770655,0.7919112035109372,0.8099484144573375,0.44209337321610154,0.31286992311260586,0.2897201911174729,0.2362693920798556,0.1563794577631518,0.10551124868609144,0.191722897662311,0.41641256279897354,0.5951754858035316,0.7141982519040759,1.0244003103344181,0.16271931585995222,0.1329470897099009,0.09288309157837489,0.10266457142915877,0.6191961310793851
383,534,259,227,1.5206563869228162,1.0507461513710035,0.7925586193341587,0.7827863794399353,0.8133779878897128,0.40802198583720345,0.29660658947304247,0.2803054389865063,0.23650706480088537,0.19202645175990507,0.16569688776413916,0.26374759780995305,0.41759137433405746,0.5969242734156541,0.757317126582038,1.0513499505531034,0.14539704865272673,0.13322750854056106,0.08944157081332407,0.09605959149890579,0.5281246679598051
220,0,280,65,1.5209385104848892,1.1577305819762476,0.9383836808773076,0.8758434197938321,0.8134110754414716,0.4709961404808483,0.33142534947697266,0.28586456219773926,0.23459241831185704,0.17435793260714533,0.14272657480193893,0.25658952339011926,0.4173830128587619,0.5955135137299733,0.7619044797356284,1.0550862789167483,0.14314238068663246,0.12989048762491634,0.08950798255340826,0.09459847220984383,0.4601149485656693
0,119,341,134,1.518851572612944,1.1510747753047232,0.8890954988797827,0.8404592926543686,0.810410384424255,0.4629157204327889,0.32799754547625953,0.28718441264730166,0.23703643981684464,0.17200780295017737,0.13380051616254585,0.25110537195402954,0.4182226760225761,0.6076327254018381,0.7834185788113338,1.0751400951775365,0.1406861269011718,0.13020854520024847,0.09004676003767927,0.09521018903841197,0.4323838873901134
659,0,302,318,1.5173406344309248,1.0796426079267045,0.9321433106849039,0.8788288584870195,0.8134110754414716,0.47191607221693216,0.33129367998447684,0.2852343272115903,0.2341890920605887,0.18978494834342569,0.16239070215514068,0.2562128060290702,0.41546985535968334,0.5851374435564871,0.7297083609330263,1.028244202080309,0.1504072527779218,0.12989048762491634,0.08964626217997686,0.09694099610747269,0.4947727615374926
401,419,441,391,1.5193902217555775,1.0715601534729793,0.8323358312557635,0.8097306479052765,0.811239667536545,0.43876838826019793,0.312544167889433,0.28629063140420963,0.23418677393024426,0.17351126207925754,0.13778514854086094,0.23801810149859137,0.41974707162294617,0.6051823371514374,0.7659920220891806,1.0599975532818298,0.14562597950126252,0.13210742163110187,0.09073202185866847,0.09795056592409118,0.44544506343836254
0,271,445,409,1.518851572612944,1.1246004886484935,0.8441339856257764,0.8120073275495389,0.8137904540589982,0.45700729287642783,0.3219165077805259,0.2876952617095585,0.2349695853756114,0.17570486009880418,0.14073974064100273,0.24083506076928934,0.4162276670598073,0.6191260534037308,0.7954877973250202,1.0875422326591746,0.1406861269011718,0.1312297914422192,0.09079865252231864,0.09801248535963492,0.40805353885076806
312,0,493,547,1.5140706417177179,1.1473522599989152,0.9439353535401678,0.8787886940681233,0.8134110754414716,0.47849246030283515,0.32859428825343034,0.2789386722214231,0.23136364995518172,0.17256703299410228,0.13614963720202825,0.22560375496005353,0.4159155270574822,0.6121634440915412,0.7801555697853261,1.0753899540993863,0.1440461208458283,0.12989048762491634,0.09107530336637004,0.09991259635823732,0.4700423449198521
86,379,506,682,1.5176030625347074,1.100817251650129,0.8167101293008593,0.794435457855586,0.8124593072882855,0.44799998258401685,0.31576904692758906,0.2850292152151915,0.2365172148631601,0.17790228088864382,0.13993358395098493,0.21511194722671165,0.41727459586481863,0.6159078634403653,0.7943064880709282,1.0884927078274236,0.14148105247346823,0.13187797581704022,0.09142996987557386,0.10217212586358147,0.4390474063214322
97,259,482,494,1.5180728784744284,1.1246039749902468,0.8592467772291812,0.8228396092530847,0.8127861326377663,0.4596055952392536,0.32229747022567395,0.28698669309092234,0.23477883324213272,0.17336946483794102,0.13581440375758289,0.22841582139741928,0.41523868976519984,0.6140060115524986,0.7890940537631168,1.0833985073547938,0.14161513573739304,0.13109561121063804,0.09111758893891582,0.09912457635222953,0.4244815067988911
441,269,454,697,1.518290231034624,1.091817172583284,0.8787898351085776,0.8415330999653974,0.8104626911737527,0.45532154913269995,0.31998120081912373,0.28570550679453854,0.23333455157985997,0.18683014221612354,0.15291289791290458,0.2208767718940912,0.41728796433433873,0.6163208388764787,0.778233603984298,1.0742680665014546,0.1462295775165741,0.1310158461087771,0.09080909970340205,0.10244183017748272,0.462339496468503
0,388,417,371,1.518851572612944,1.0993755396158549,0.8026745659515034,0.7842805899487877,0.8138696646810721,0.4422131588015686,0.3149333498055704,0.28699022318959355,0.23430929623092436,0.1758528373541822,0.1409722311760874,0.2424781549903004,0.4219107352730582,0.6129517099579606,0.7908003650748239,1.0843644861438324,0.1406861269011718,0.1320313212852705,0.090534731056962,0.09780315253275522,0.41863230430378123
662,170,384,502,1.517536532776497,1.060402454270579,0.9007046941135786,0.8598247667364063,0.8102894760344654,0.46098330977990676,0.3266563330915103,0.28757229565762504,0.23685590482578792,0.19081258021572595,0.15979961398238496,0.24159448959550495,0.41509228812272486,0.5986160881916037,0.7454266580327399,1.0429847133118324,0.1504832546494736,0.13045019728277685,0.09037087498932769,0.09923127524033352,0.4776667874073262
0,174,240,0,1.518851572612944,1.1420931242378978,0.8738459513806363,0.8311723074314853,0.8118880626447436,0.4527304136013508,0.321930301697793,0.2874129743318024,0.23658292598447628,0.17691060777326473,0.1412762084465475,0.26052153363565467,0.4176501571014782,0.6017376749620839,0.776304301636061,1.0678351366177012,0.1406861269011718,0.13056654571828752,0.0893180743845705,0.09410003409211609,0.43962044087852326
362,227,437,275,1.5177059712665233,1.1098515542651233,0.8880954612411462,0.8464617849229426,0.8122198488993949,0.45932829365245575,0.3222390317412485,0.2859407786923466,0.23341813732402145,0.16473089947926547,0.12569167419686797,0.23841330718237255,0.41797557871993096,0.6005966211425908,0.7619817997151792,1.0549007126449412,0.14495270853782377,0.1308737255301603,0.09066618661073027,0.09656204046954932,0.46126972410816985
950,366,457,557,1.5201325681171391,0.9374042561564497,0.8282694778909961,0.829074765048324,0.8136915698672783,0.44695208714101187,0.3165945339626674,0.2864069302938492,0.23280402111314769,0.1805911851963139,0.14674150883757608,0.23184940596579032,0.41822169657007524,0.5897896199476904,0.7174641888959624,1.0224031623989203,0.15848721744145003,0.13185872827190726,0.09081338576879976,0.10014840319537442,0.48472780680151195
975,135,455,643,1.516567538470852,0.9595939479184278,0.872251585217134,0.8543516306798221,0.8117145464815605,0.46762564478339447,0.3277475982207734,0.2850711398277829,0.2350287511558184,0.18529461051442703,0.15126820516728556,0.22470610376859998,0.4150954585878295,0.5921275171680248,0.7162806845029556,1.0241707964779303,0.15914329047367198,0.1303618760007001,0.09088905309891908,0.10140917161610127,0.48120362308898174
0,206,435,349,1.518851572612944,1.1361178820875908,0.863682371154058,0.8242355212707073,0.8112442624241852,0.4609149801553272,0.3233681874489135,0.2868023710775637,0.23531764367472113,0.1717879575529803,0.13492188291079887,0.23774196240030057,0.41825313076786835,0.612443089371603,0.790225681640963,1.0835936529263979,0.1406861269011718,0.1306978356236042,0.09072739981158971,0.09740190148986379,0.41898815415380114
91,315,410,361,1.51951847781917,1.1150913402985314,0.8398680309920813,0.80956071625737,0.811830084519007,0.44898156712488074,0.3179917132442241,0.28673453322699183,0.23426016060604188,0.17603905154585178,0.14126349104810934,0.24285290954246522,0.4185489652507142,0.6103600973251475,0.7853626386453708,1.0793194772831631,0.14161006653573618,0.1313919495698233,0.09047496125233301,0.09755835956326527,0.4208010682687774
0,126,446,740,1.518851572612944,1.1503105652469268,0.887893790477298,0.8402488998717327,0.8118153939864662,0.46855042254391405,0.32868493250773334,0.2861873075560598,0.23631028430017473,0.19107856547288812,0.15603744825918173,0.21710400916466047,0.4161742179590377,0.6158853586032935,0.7950253446639768,1.0921166828633257,0.1406861269011718,0.1303251373142741,0.09086259273250165,0.10320220158417419,0.4585648628949338
0,333,471,511,1.518851572612944,1.111668613815089,0.8227919659179802,0.7976678029778461,0.813977398368945,0.45192487203531323,0.31895779765363075,0.2869488731161609,0.23364344323739808,0.17581153737040514,0.13934770129630258,0.22952521669069006,0.4159084075262092,0.6155494176189088,0.794022495068953,1.088801355892604,0.1406861269011718,0.13164418258654786,0.09097228197370019,0.09938788467729923,0.4157096178738466
