U_In-5p,U_As-4p,a(A),Eg(eV),meff
-5.0,4.35,6.164668843343353,0.4142730773154087,0.023580490175449578
-4.95,4.35,6.163515225630589,0.4179830168560947,0.02378364033298487
-4.9,4.35,6.16235539853285,0.42171313809087463,0.023987778628778923
-4.85,4.35,6.161192760264757,0.4254558260861156,0.024192441490771623
-4.85,4.3,6.162867255569615,0.40857475526424364,0.023314176656487717
-4.8,4.3,6.161697921564855,0.4123359916006452,0.02352080028471441
-4.75,4.3,6.160519726116977,0.4161246662961941,0.023728801074776554
-4.7,4.3,6.159349943047064,0.4198951650288988,0.023935847815802918
-4.65,4.3,6.158163193676576,0.4237139341586125,0.02414538395775595
-4.65,4.25,6.159840488709011,0.40684400376658314,0.023265643926618014
-4.6,4.25,6.158647047800566,0.4106828321424726,0.02347711733162246
-4.55,4.25,6.157448138834519,0.4145394714807976,0.023689517982340175
-4.5,4.25,6.1562425252496125,0.41841856100780045,0.02390303039087174
-4.45,4.25,6.155030620981124,0.42231809252629837,0.024117553542743433
-4.4,4.25,6.15381437819504,0.42623299465914016,0.024323471578149562
-4.4,4.2,6.155494766224255,0.40937093616390524,0.023452560986597468
-4.35,4.2,6.154272321359942,0.41330356661098017,0.02366986055646171
-4.3,4.2,6.153043859151389,0.4172593525271782,0.023908357947007783
-4.25,4.2,6.151816858022815,0.42121361551693154,0.024105481434261375
-4.2,4.2,6.150576766114991,0.4252067763595509,0.024325680337885437
-4.2,4.15,6.152255872738167,0.4083646968675491,0.0234446613238449
-4.15,4.15,6.1509332814847895,0.4125762506561302,0.023677320894868546
-4.1,4.15,6.1496916117913365,0.4165799330243924,0.023899022148994885
-4.05,4.15,6.148500217013021,0.4204567461146601,0.024113975942033815
-4.0,4.15,6.147259915232013,0.4244661445599111,0.024335851288227184
-4.0,4.1,6.148963343956127,0.4075777519479074,0.023450627025857984
-3.95,4.1,6.147714238050151,0.41161317785667556,0.02367479477686958
-3.9,4.1,6.146458744426798,0.4156687503134832,0.023900109488566895
-3.85,4.1,6.145149199024838,0.4198704710269814,0.02413309263147418
-3.8,4.1,6.143816779456872,0.424137359473284,0.02436939047568587
-3.8,4.05,6.145547556865555,0.4071940520712093,0.023479569512674475
-3.75,4.05,6.144213389874921,0.4114681729109103,0.023717273491609885
-3.7,4.05,6.142911402179324,0.4156616125012275,0.02395077771845433
-3.65,4.05,6.141604716778964,0.41987331344718426,0.024185057100075718
-3.6,4.05,6.1402918466491805,0.4241048298233006,0.024420518238190168
-3.6,4.0,6.141987930783828,0.40727117585444345,0.023534633218843515
-3.55,4.0,6.140667002605504,0.4115269884541278,0.023772310039850524
-3.5,4.0,6.13936561527394,0.4157357951691536,0.024007467544837027
-3.45,4.0,6.138030862975699,0.4200376371381159,0.02424791106503656
-3.4,4.0,6.1366927637226185,0.4243529725292679,0.02448862796373064
-3.4,3.95,6.1383926146387084,0.40752643979938263,0.02360148080801479
-3.35,3.95,6.137062323831819,0.41182428047580416,0.02384230003003793
-3.3,3.95,6.135706924081058,0.41619172306255076,0.02408686501294027
-3.25,3.95,6.1343345146770165,0.4206098287183964,0.024333941380512675
-3.2,3.95,6.132965138288281,0.4250240732906333,0.02458087600579542
-3.2,3.9,6.134666626678307,0.4082109532231131,0.02369285513326809
-3.15,3.9,6.13329284445206,0.4126396203319381,0.023941628659603302
-3.1,3.9,6.131916405298079,0.4170804688098252,0.02419101042332685
-3.05,3.9,6.130543012904019,0.42151917423838475,0.02444606823651492
-3.0,3.9,6.129272959842018,0.4256901755274535,0.024675172136583913
-3.0,3.85,6.13086459690897,0.40918321258385176,0.023816722662931018
-2.95,3.85,6.129590113381863,0.4133688978254534,0.02403864605911253
-2.9,3.85,6.12817676387592,0.41792484540856756,0.024295122477074816
-2.85,3.85,6.126746189236735,0.42253063987833167,0.02455428246655806
-2.8,3.85,6.125314906766578,0.4271434242996347,0.024813800606893293
-2.8,3.8,6.1270304154139,0.4103286971933892,0.023922562667688312
-2.75,3.8,6.125592796457937,0.4149609654446699,0.024184269518237267
-2.7,3.8,6.124134063046247,0.4196546340073725,0.02444914501939932
-2.65,3.8,6.122712129885561,0.4242560029416365,0.024709115072474447
-2.65,3.75,6.124419872537494,0.40748188623264336,0.023817406448837564
-2.6,3.75,6.122979254887692,0.412135762292447,0.024081290591009368
-2.55,3.75,6.121472729617069,0.41696789196937817,0.02435472350353849
-2.5,3.75,6.119992407316308,0.42173692333570734,0.02462473634341907
-2.45,3.75,6.118512835209715,0.42650926836745057,0.024894865329760988
-2.45,3.7,6.12023815341432,0.4097058276293685,0.024000328349556305
-2.4,3.7,6.118749294521003,0.41450616473866503,0.024273116143312692
-2.35,3.7,6.117185609963843,0.4195075790771386,0.024556798153733125
-2.3,3.7,6.115697731779467,0.42431591720737166,0.02482998612358474
-2.3,3.65,6.117412264762765,0.40756095637965073,0.02393554004199814
-2.25,3.65,6.115911696135539,0.4124054777324248,0.024211891684032753
-2.2,3.65,6.114458608114632,0.41713038119508117,0.024481778930228907
-2.15,3.65,6.112259356640919,0.4238237050816159,0.024857879073566347
-2.15,3.6,6.114101271476508,0.40675212804306093,0.023944350174747577
-2.1,3.6,6.112342711025911,0.4122900960973601,0.02425938008196399
-2.05,3.6,6.109057378321455,0.42191869435970636,0.024790446642682956
-2.0,3.6,6.108523739046224,0.4241780577529761,0.02493310003114489
-2.0,3.55,6.109133047418591,0.4104351540394004,0.024193451981043907
-1.95,3.55,6.10894778423404,0.4117822004070867,0.024287086973901726
-1.9,3.55,6.107496676352079,0.4165319441311047,0.024666748029662282
-1.85,3.55,6.107016594018454,0.4187321989724417,0.024722334892026895
-1.8,3.55,6.1067371999999995,0.4199672845173631,0.024824464049772923
-1.75,3.55,6.1067371999999995,0.4209161174062643,0.024891214439941148
-1.75,3.5,6.1067371999999995,0.40872926207491517,0.02423937491546603
-1.7,3.5,6.1067371999999995,0.4096833464103586,0.024306394325341815
-1.65,3.5,6.1036743721597695,0.4191357064795758,0.024791791740378304
-1.6,3.5,6.101266835904728,0.4264333549011276,0.025205459311831633
-1.6,3.45,6.104638180299125,0.40539684899552053,0.024068494460760342
-1.55,3.45,6.1014051150440585,0.41486921403019605,0.024603257900007287
-1.5,3.45,6.099623134727747,0.42053255425902514,0.024929315796719642
-1.45,3.45,6.098015540608669,0.4257406709517284,0.02523027850099278
-1.45,3.4,6.099735617209536,0.409067823264479,0.024330350189282642
-1.4,3.4,6.098119369937801,0.4143026849883503,0.024634037040671585
-1.35,3.4,6.0964900217581635,0.419578479204639,0.024939913005111027
-1.3,3.4,6.094859621736247,0.4248627389331609,0.025246297077789772
-1.3,3.35,6.096582007870038,0.40820355890043086,0.024344774908111506
-1.25,3.35,6.094941887653866,0.4135175869582375,0.024654066698601013
-1.2,3.35,6.0933000250773866,0.41884195943354346,0.024954222840418795
-1.15,3.35,6.091632816860751,0.42423947047699767,0.025277985133911822
-1.15,3.3,6.093369483124757,0.40756301434059605,0.02436374027428585
-1.1,3.3,6.091691307985242,0.4129931966501057,0.02469024480696071
-1.05,3.3,6.090017367712067,0.4184184490693241,0.025007041218429397
-1.0,3.3,6.088430206185726,0.4236200851556288,0.025311551795666267
-1.0,3.25,6.090158956462441,0.4069858288023847,0.024406607652472975
-0.95,3.25,6.088390958541285,0.4126681624045972,0.024739074715600856
-0.9,3.25,6.086672912222299,0.418225581661591,0.02506462805255502
-0.85,3.25,6.084916409958268,0.4238906732643705,0.02539614929973773
-0.85,3.2,6.086640325819784,0.4071761194619396,0.024485870750771768
-0.8,3.2,6.085012886638351,0.41250652122815457,0.024800032630188495
-0.75,3.2,6.0832883766338535,0.4180986541300928,0.025128817914339366
-0.7,3.2,6.081575338838326,0.4236669341501081,0.02545630878956697
-0.7,3.15,6.083297271856212,0.4070898069436414,0.024550168190194125
-0.65,3.15,6.081555073263396,0.4127396383427283,0.024883568464890763
-0.6,3.15,6.079859273941042,0.4182735910726278,0.025210502740029745
-0.55,3.15,6.078115826950943,0.4239383307654325,0.025544888649967484
-0.55,3.1,6.079839536242802,0.4073783325154162,0.024637328057225336
-0.5,3.1,6.078084470427361,0.41307808864208784,0.02497509481614522
-0.45,3.1,6.0763254327541745,0.4187950805108494,0.02531381906553491
-0.4,3.1,6.074564569085324,0.42452223260413385,0.025653251531153283
-0.4,3.05,6.07629177960823,0.40797488721768155,0.024744064110202958
-0.35,3.05,6.074521170559125,0.4137321946627423,0.025086645227089574
-0.3,3.05,6.072744360727731,0.4195131976991882,0.025430499239368683
-0.25,3.05,6.070956839223287,0.42532900615946134,0.025776354465337513
-0.25,3.0,6.072688206409537,0.40879145301424574,0.024865488564599598
-0.2,3.0,6.070893877722342,0.41462926149789114,0.025209441860961707
-0.15,3.0,6.069095235724148,0.4204850134561063,0.025563475572524284
-0.1,3.0,6.067292029852875,0.42635940062441713,0.025914257168282474
-0.1,2.95,6.069015919389122,0.409862310304328,0.025003498147927634
-0.05,2.95,6.067202322906361,0.4157693760202534,0.02535756108976569
0.0,2.95,6.065385806145466,0.42168840519443324,0.025712550021508466
0.05,2.95,6.063563136651953,0.4276320342605354,0.026068882256430954
0.05,2.9,6.065284726101896,0.4111628609549166,0.025157450983143745
0.1,2.9,6.063452651363394,0.4171360974779356,0.02551692834614261
0.15,2.9,6.061541995416094,0.423323647055422,0.025888601438795362
0.15,2.85,6.063339418451289,0.4066766155010245,0.024963612210076574
0.2,2.85,6.061411820501549,0.4129153437958747,0.025339680720231048
0.25,2.85,6.059541957024995,0.41900578310010034,0.02570758103681902
0.3,2.85,6.0576865440547705,0.42506486888024564,0.026073813971087413
0.3,2.8,6.059415531918129,0.4086213313346633,0.02515802803335228
0.35,2.8,6.057644542652113,0.41446489949132287,0.025513464373550548
0.4,2.8,6.055776904869708,0.42056789014550544,0.025883912690307362
0.45,2.8,6.05390952577667,0.42667679303291595,0.02625486174888133
0.45,2.75,6.055626787222499,0.41028837704455207,0.02533978747900471
0.5,2.75,6.053754880236627,0.41641542367193957,0.025713284746358592
0.55,2.75,6.0518853169038165,0.42253998602041015,0.026086802112499433
0.55,2.7,6.053610668395975,0.4061535540299249,0.025168203470405232
0.6,2.7,6.051727472403332,0.41232096645232813,0.025545804086985133
0.65,2.7,6.049839872293104,0.41850732473556906,0.025924501376947885
0.7,2.7,6.047937522953653,0.42473850022730836,0.02630598503821643
0.7,2.65,6.049659442630663,0.4083825296634244,0.025386928855718093
0.75,2.65,6.0477475530187075,0.4146435602658252,0.025771767027854907
0.8,2.65,6.0458355341145325,0.42090985436571526,0.026157202761562845
0.85,2.65,6.043911220823913,0.4272158489700695,0.02654507974260659
0.85,2.6,6.0456286435056015,0.41089425803973045,0.025625825071845618
0.9,2.6,6.04370403637624,0.4172076438722683,0.02601566782469355
0.95,2.6,6.04177933405721,0.4235259566590063,0.02640607738217833
0.95,2.55,6.043495263535238,0.4072325699140091,0.02548467954902248
1.0,2.55,6.041565833116586,0.4135685728686928,0.02587778289563496
1.05,2.55,6.039633712678568,0.41991980304318466,0.026281177931865428
1.1,2.55,6.037696010355951,0.42629015224014793,0.026667696903535192
1.1,2.5,6.039417838184281,0.4100050845628689,0.025744381939732604
1.15,2.5,6.037474513085361,0.41639651862726873,0.026142860579144864
1.2,2.5,6.0354479509070424,0.4230140817818424,0.026554732331873884
1.2,2.45,6.03724257218288,0.4065606009400906,0.0256179811358868
1.25,2.45,6.035173139483869,0.4132973130980034,0.026038464086714515
1.3,2.45,6.033301332066559,0.41951847002742276,0.026429043519315278
1.35,2.45,6.031330526410457,0.4260105934179545,0.02683592264501402
1.35,2.4,6.03303251759071,0.4098221695406211,0.02591224506057106
1.4,2.4,6.031046770949769,0.4163586645878161,0.026323518010005327
1.45,2.4,6.02905356303848,0.4229174802232438,0.026736356610543587
1.45,2.35,6.03074392140999,0.4067873197668828,0.025812486496692745
1.5,2.35,6.028739717559628,0.4133817065194663,0.026228992299487008
1.55,2.35,6.026724057150235,0.42001321392916274,0.026647964307050548
1.6,2.35,6.024711290045261,0.4266439134976177,0.027067157875285134
1.6,2.3,6.02638640644978,0.41057709745606813,0.026144843266794175
1.65,2.3,6.024356831840974,0.41725773616871004,0.026568787026854435
1.7,2.3,6.022321883604956,0.4239593311787648,0.026994209852208857
1.7,2.25,6.023992820296102,0.40792921932829085,0.026070391018226134
1.75,2.25,6.021777819896644,0.4151111995657489,0.026526271466382204
1.8,2.25,6.019732999585054,0.42185121205405063,0.026956121020942914
1.8,2.2,6.02144060788444,0.40574997517182315,0.026024372722766188
1.85,2.2,6.0193975224774805,0.41249197054129433,0.026456067933810935
1.9,2.2,6.017353589047122,0.4192422977699861,0.026888694445727303
1.95,2.2,6.015303917652622,0.42601354820822257,0.027322941278519024
1.95,2.15,6.017002808892432,0.40995941066779196,0.02639175123241988
2.0,2.15,6.014945095196604,0.41676008378198354,0.026829482610207917
2.05,2.15,6.012854492222098,0.42365332284028767,0.027273153213790473
2.05,2.1,6.014612437215207,0.4074684888628163,0.026330283664404566
2.1,2.1,6.012519054949664,0.41437368866216207,0.026776639108014613
2.15,2.1,6.0104337267206,0.42126179515865286,0.027222543080203263
2.2,2.1,6.008361113768261,0.42813208031691763,0.0276671954341018
2.2,2.05,6.010077886919137,0.41207963277786314,0.02672985272928919
2.25,2.05,6.007985589698831,0.41900727272138927,0.027179993945391247
2.3,2.05,6.005879167589009,0.42597097261451444,0.027633056966532035
2.3,2.0,6.0075882024574625,0.40996806224690174,0.026694772063451853
2.35,2.0,6.005473755867477,0.4169601962209438,0.0271514398107928
2.4,2.0,6.003352532693523,0.4239751547641898,0.0276101697088729
2.4,1.95,6.005041444864125,0.40804832612633785,0.026672864319884047
2.45,1.95,6.002930189799736,0.41504267397742767,0.027132201333933126
2.5,1.95,6.000877571097868,0.4218867380986161,0.027583064729658945
2.5,1.9,6.002575105188462,0.4059635279592338,0.02664193754633915
2.55,1.9,6.000442778334585,0.41302180762846297,0.02710800290561773
2.6,1.9,5.998320925634727,0.4200614443526499,0.027573162053494523
2.65,1.9,5.996196193737406,0.427114072681079,0.028039692480254088
2.65,1.85,5.99785737543799,0.41131252077540853,0.02710363904181377
2.7,1.85,5.995724419300512,0.4183931059294757,0.027573914644691718
2.75,1.85,5.993614651447237,0.42541853529108165,0.028041307754331994
2.75,1.8,5.995268809539366,0.40965971909103793,0.027104176863503318
2.8,1.8,5.993147292412891,0.4167230891997666,0.027575870879920295
2.85,1.8,5.991032514198082,0.42377299467320534,0.028047521111243777
2.85,1.75,5.992678922013456,0.4080604059855708,0.027109292574359768
2.9,1.75,5.990556101232571,0.41513869472549975,0.027584647914271218
2.95,1.75,5.988416863919722,0.42226525210018284,0.028063712444236836
2.95,1.7,5.990070626263709,0.4065613655800528,0.027121817815577567
3.0,1.7,5.987925945711619,0.4137054668667644,0.027604290911088146
3.05,1.7,5.98577875785534,0.4208650157645161,0.028088040710243026
3.1,1.7,5.983633119104404,0.42802995161584717,0.028572476400106003
3.1,1.65,5.985277198354861,0.4123791111874866,0.027631350846390325
3.15,1.65,5.983125645998833,0.41956118580050705,0.0281193201469202
3.2,1.65,5.980974272166289,0.42675061048770985,0.02860827070808655
3.2,1.6,5.982612912284711,0.41114134026131044,0.027665718714459386
3.25,1.6,5.98045503937931,0.4183502275713717,0.028158408746639784
3.3,1.6,5.9783076713902465,0.42554295152274396,0.02865420632718829
3.3,1.55,5.979941495799257,0.4099723694084246,0.027706052295392806
3.35,1.55,5.977778365488362,0.41721116655937157,0.028203139482638816
3.4,1.55,5.975614926151026,0.42445518196292126,0.02870134190799259
3.4,1.5,5.977245102836116,0.40892279376455903,0.027755387493816206
3.45,1.5,5.9750779914044525,0.4161833942420205,0.02825669528578567
3.5,1.5,5.9727610735938965,0.4238413408528063,0.028784356042221973
3.5,1.45,5.974390697756285,0.4083342935151472,0.027836302921300172
3.55,1.45,5.972219107002183,0.41561797586035765,0.028342144978225296
3.6,1.45,5.970046814624187,0.4229098404836166,0.028849380844665467
3.6,1.4,5.9716727450323015,0.40744098451831984,0.0278993424527602
3.65,1.4,5.9694945622656235,0.4147540912187137,0.02841017730165869
3.7,1.4,5.967321281932537,0.42205724941905653,0.02892114318336222
3.7,1.35,5.968939277063257,0.406638676389397,0.027970083259193094
3.75,1.35,5.966760022068265,0.41396659014663034,0.028484757396464073
3.8,1.35,5.964685488239681,0.4210216394596676,0.028983067403780302
3.85,1.35,5.962510199702781,0.4283474028024642,0.029500026519373553
3.85,1.3,5.964119970925286,0.41297953881621624,0.02854878869238761
3.9,1.3,5.9619398305051465,0.4203233749649679,0.02906933672209243
3.95,1.3,5.959763201822077,0.4276626049579269,0.029590209544505117
3.95,1.25,5.961368949027704,0.4123360024831722,0.02863739254007974
4.0,1.25,5.959187159929219,0.4196934198487467,0.029161864638276126
4.05,1.25,5.956907371373803,0.42731506117122897,0.02970444274925108
4.05,1.2,5.958509075447111,0.4120241733770165,0.028749977444531165
4.1,1.2,5.956324560428659,0.419401515027873,0.029278994181141868
4.15,1.2,5.954141121815973,0.42678046597631353,0.029809243593900102
4.15,1.15,5.955738661571073,0.4115313709941856,0.028852764324318787
4.2,1.15,5.953550723470127,0.41892816819102663,0.029386558354669714
4.25,1.15,5.951365880643265,0.4263225392350824,0.029921077866184982
4.25,1.1,5.952958299557602,0.4111112990486479,0.028963222750847985
4.3,1.1,5.950769786964992,0.41852248249827756,0.029501134578354085
4.35,1.1,5.948583949764716,0.4259272103199865,0.03004030383903756
4.35,1.05,5.9501726224551375,0.41076001394241657,0.029080144835680315
4.4,1.05,5.9479821760952705,0.4181833242996236,0.029612540806481128
4.45,1.05,5.9456909831475775,0.4258727857173488,0.030184795769816516
4.45,1.0,5.947277198481537,0.4107412098175384,0.029222595731219977
4.5,1.0,5.945082665495965,0.41818430972331694,0.02977035409278402
4.55,1.0,5.942893281738274,0.4256207815285721,0.030318720188041763
4.55,0.95,5.944474315215496,0.41053099218620087,0.029354609681168656
4.6,0.95,5.942280481967395,0.41798321736993904,0.029906791531885683
4.65,0.95,5.940090023106295,0.4254302128024264,0.03045992219811517
4.65,0.9,5.941666145913949,0.410382460181516,0.02949402041988084
4.7,0.9,5.939475514573449,0.4178353457698029,0.030050081795633725
4.75,0.9,5.937289661550879,0.42528271799092965,0.030606856065343104
4.75,0.85,5.93885981506053,0.41027994641176596,0.029639242804900177
4.8,0.85,5.936670150481612,0.4177401695202041,0.03020014560000883
4.85,0.85,5.934482381629798,0.4252004178796133,0.03076203978155979
4.85,0.8,5.936048830883751,0.41023902758580355,0.029792125100258568
4.9,0.8,5.933857727186761,0.4177125886005463,0.030357525772072846
4.95,0.8,5.9316710605566945,0.4251818744569592,0.030923850672786
4.95,0.75,5.933231706023632,0.4102628456970394,0.029952203941140152
5.0,0.75,5.9310418726951974,0.4177427426691765,0.030522172317377857
5.05,0.75,5.928857202209746,0.4252131190829576,0.0310929100623107
5.05,0.7,5.930412180732627,0.41033962721646855,0.03011932326116187
5.1,0.7,5.928227656669892,0.4178148446440686,0.030693113321463635
5.15,0.7,5.9260452802002375,0.42528803101867996,0.03126836263400445
5.15,0.65,5.927596060671044,0.4104566383285569,0.030292599028834077
5.2,0.65,5.925411299006792,0.4179410540388766,0.030871320713070867
5.25,0.65,5.9232318162037085,0.42541483092842824,0.031451011221887155
5.25,0.6,5.924777536759278,0.4106272389469032,0.03047314895774559
5.3,0.6,5.922598112888294,0.418106325613776,0.031055942589785564
5.35,0.6,5.920420662262755,0.4255837827918762,0.03164026622803238
5.35,0.55,5.921963266905367,0.4108355513218997,0.030659815273797485
5.4,0.55,5.919784376811696,0.418321293292715,0.031247595177366312
5.45,0.55,5.917611949397454,0.42579388048509287,0.03183613213453715
5.45,0.5,5.919148085901889,0.41109316933748075,0.030853786854520036
5.5,0.5,5.91697506841759,0.41857068738332054,0.03144567117337407
5.55,0.5,5.914807881798192,0.42603865579332656,0.03203840878031311
5.55,0.45,5.916337459745062,0.41138512711888897,0.031054170535028597
5.6,0.45,5.914170889475264,0.4188571935153714,0.03164997951605465
5.65,0.45,5.9120073893120075,0.42632124877287647,0.03224749532917624
5.65,0.4,5.913532559865867,0.411711998887517,0.03126069533533004
5.7,0.4,5.911367574808539,0.41918614432019874,0.03186163063002134
5.75,0.4,5.909208799603807,0.42664621863669727,0.032431281855495764
5.75,0.35,5.910728987498183,0.4120813077055492,0.031474462305853754
5.8,0.35,5.908569181277797,0.4195516532316592,0.032088059674954664
5.85,0.35,5.90641491074931,0.42700793250846086,0.03268602836047679
5.85,0.3,5.9079301656524,0.41248866970181997,0.03169444794272797
5.9,0.3,5.905776370941466,0.41994775362809866,0.032304240459283116
5.95,0.3,5.903628050229053,0.42739578356930824,0.03291526921950059
5.95,0.25,5.905138001754104,0.41292078849165414,0.03192129826173315
6.0,0.25,5.902989214282314,0.4203757761600883,0.03253570099952687
6.05,0.25,5.900869714197286,0.4277585069776756,0.033146797670044435
6.05,0.2,5.902372639215566,0.41333259442806924,0.03215070091249106
6.1,0.2,5.900232770832105,0.4207706235980596,0.03276914596180544
6.1,0.15,5.901737157608994,0.4063726397358076,0.031768165991405604
6.15,0.15,5.899597813617702,0.41381297689802804,0.032389990356906755
6.2,0.15,5.897462402653125,0.4212454377896974,0.03301343245698643
6.2,0.1,5.898963875765989,0.40688669108048,0.03200940865340656
6.25,0.1,5.896828309221098,0.4143256017841177,0.03263623335772454
6.3,0.1,5.894702377202339,0.4217392051637672,0.033263869984156785
6.3,0.05,5.896197541934239,0.40742869489299643,0.032257331695585624
6.35,0.05,5.894069745001238,0.4148544533389613,0.03288850899616171
6.4,0.05,5.891947083526642,0.42226590447181067,0.03352165092115767
6.4,0.0,5.893438262262503,0.40799789053046526,0.03251207773464711
6.45,0.0,5.891316415352495,0.41541380432643205,0.033148356460128196
6.5,0.0,5.889202562498614,0.42281001289434744,0.033785774871795786
6.5,-0.05,5.890688685941399,0.40858670900522065,0.03277336377575788
6.55,-0.05,5.888574965887685,0.4159855341688271,0.03341438762023632
6.6,-0.05,5.886467045604128,0.4233716655161065,0.03405694247142834
6.6,-0.1,5.887948841851674,0.4091934827031334,0.03304133270643547
6.65,-0.1,5.885842260522607,0.41657989615792185,0.03365090189376175
6.7,-0.1,5.883743555249708,0.42394929361131267,0.034334540215555515
6.7,-0.15,5.885219200496295,0.4098176670191225,0.03333286836025148
6.75,-0.15,5.883122277639126,0.4171848374349995,0.03396672562626577
6.8,-0.15,5.881030219983854,0.42454102081523737,0.03461910078167262
6.8,-0.2,5.8825009574061555,0.4104553342160241,0.0335976576872467
6.85,-0.2,5.8804097541944405,0.4178139014973575,0.03425353184003032
6.9,-0.2,5.878328334377876,0.42514943238185005,0.034910327539431074
6.9,-0.25,5.879792386504141,0.41111436100478005,0.033885934261012704
6.95,-0.25,5.877711946324056,0.41845174505449684,0.034546183669629006
7.0,-0.25,5.875639965550069,0.42576831008445976,0.035207875119998726
7.0,-0.3,5.877094280952003,0.41179128561994227,0.034181142306830684
7.05,-0.3,5.8750277331745435,0.41909929273397234,0.034845368278800075
7.1,-0.3,5.872956262487834,0.4264196354435885,0.03551379757224631
7.1,-0.35,5.8744091417419995,0.4124810035711868,0.03448282167806382
7.15,-0.35,5.872343049536532,0.41979230668099243,0.035153878250280754
7.2,-0.35,5.870290877538909,0.427068052547379,0.03582541914648634
7.2,-0.4,5.87174319958229,0.41316561785070166,0.03478975527708613
7.25,-0.4,5.869683988529374,0.42046299904020074,0.03546655057002168
7.25,-0.45,5.8711365762300485,0.4065886639672998,0.03442604843430417
7.3,-0.45,5.869087245049702,0.41386360148967205,0.03510469296465418
7.35,-0.45,5.867042194542955,0.4211283589389239,0.03578586183863216
7.35,-0.5,5.868486593016413,0.4073106295013764,0.034742165039268795
7.4,-0.5,5.866444060689646,0.41457285660307963,0.03542664963863562
7.45,-0.5,5.864413902513859,0.4218036144559079,0.036112079357967224
7.45,-0.55,5.865850779617184,0.40803717443507376,0.035065236656605325
7.5,-0.55,5.863818291381882,0.4152798677602526,0.03575487026618513
7.55,-0.55,5.8617919780587,0.42250531825673976,0.03644699320166856
7.55,-0.6,5.863230589644099,0.4087696527912622,0.03539471418303793
7.6,-0.6,5.86120571875847,0.41599318539283714,0.03609062321491284
7.65,-0.6,5.859186568630662,0.42320207409380306,0.036789105283616425
7.65,-0.65,5.860622607875997,0.4095071634357301,0.0357322946451995
7.7,-0.65,5.858605314676222,0.41671416456799915,0.036434401348565536
7.75,-0.65,5.856600883775682,0.42388850406134,0.03713758686608528
7.75,-0.7,5.858028685899924,0.4102479975368092,0.03607743640693533
7.8,-0.7,5.856024901902523,0.41742516068196317,0.03678448738210959
7.85,-0.7,5.854028874381911,0.4245827009280603,0.03753498273881581
7.85,-0.75,5.855452074737309,0.4109871065034007,0.03642947382509435
7.9,-0.75,5.8534578241881565,0.4181432867729594,0.03714285142163178
7.95,-0.75,5.851472181107275,0.4252764194769635,0.037858330251620366
7.95,-0.8,5.852890605234803,0.41172744113921256,0.03678951151741432
8.0,-0.8,5.85090796631392,0.41885777003167024,0.03750827495488136
8.05,-0.8,5.848892672673551,0.4260675901972958,0.03823864539936819
8.05,-0.85,5.850307400277762,0.4125625804902146,0.037164988808360985
8.1,-0.85,5.848333627333769,0.419671554350699,0.037890462457591714
8.15,-0.85,5.84636956874488,0.42675512453791037,0.03841800170342961
8.15,-0.9,5.847779926763776,0.41329588403601913,0.037539850276963556
8.2,-0.9,5.845818663226978,0.4203777198031465,0.038297682257322274
8.2,-0.95,5.847228559683225,0.4069471047376865,0.03718755931877009
8.25,-0.95,5.845270428874968,0.41402511929202407,0.03792285356504443
8.3,-0.95,5.843321353282267,0.4210765743160103,0.03866039905374471
8.3,-1.0,5.844725491620963,0.4076982084746386,0.03757187718539881
8.35,-1.0,5.842778579921129,0.41474730850368674,0.03831339016223736
8.4,-1.0,5.840837445487999,0.4217817945200637,0.03905812571263203
8.4,-1.05,5.842239739888364,0.4084429479434743,0.037963910812654676
8.45,-1.05,5.840303403257034,0.4154684877000129,0.038711979418147725
8.5,-1.05,5.838373642366288,0.4224770326936047,0.03946338184094072
8.5,-1.1,5.8397720063483085,0.4091831892640007,0.038363733148036164
8.55,-1.1,5.837844153158199,0.4161887234977672,0.03911927560054269
8.6,-1.1,5.835927223818442,0.4231659525205575,0.03987734512948517
8.6,-1.15,5.837319891701152,0.40992187913702116,0.038772446815873336
8.65,-1.15,5.835405163882666,0.4168965892916381,0.03953454895837876
8.7,-1.15,5.8334982907196675,0.42385009691672054,0.04030000908520372
8.7,-1.2,5.834886636214527,0.4106517724458831,0.03918946819109306
8.75,-1.2,5.832982126559936,0.4176020243584049,0.03995901889695542
8.8,-1.2,5.831086569631898,0.4245282982628061,0.040731855169816075
8.8,-1.25,5.8324722518152665,0.41137218798810604,0.03961513309502437
8.85,-1.25,5.8305777250595305,0.4182980094951746,0.04039256504311512
8.9,-1.25,5.828693090705672,0.4251992538608183,0.04117284620518913
8.9,-1.3,5.830074487495439,0.41208883371373833,0.04005026477174867
8.95,-1.3,5.8281926556549974,0.41898501247149256,0.04083479347733144
9.0,-1.3,5.82631818501158,0.42586111416789085,0.04162327382606642
9.0,-1.35,5.827695489557984,0.4127952587582126,0.040494555462348245
9.05,-1.35,5.825823817086281,0.4196673422721107,0.04128719209242197
9.1,-1.35,5.823960440688635,0.4265161669388594,0.04208377463878063
9.1,-1.4,5.82533389950037,0.41349595175765363,0.04094856416497155
9.15,-1.4,5.82347331308916,0.42034131124289487,0.04174937052105014
9.15,-1.45,5.824847881537909,0.40734969362531476,0.04060732474740609
9.2,-1.45,5.822993972075441,0.41418036109930445,0.04141156856222477
9.25,-1.45,5.821144103840432,0.4209996386705638,0.04222087703329101
9.25,-1.5,5.822514836741454,0.40805221544505427,0.04107211683864649
9.3,-1.5,5.820668072095711,0.4148654867666154,0.041885891707725775
9.35,-1.5,5.818831142290416,0.4216540763134751,0.04270331560364332
9.35,-1.55,5.820196531031078,0.40875529149920115,0.04154800507867732
9.4,-1.55,5.818362857000943,0.41553707316467253,0.04236993196877372
9.45,-1.55,5.816539518470846,0.4222929988483879,0.04319568668005255
9.45,-1.6,5.817899375791555,0.40944354741984856,0.04203362038098105
9.5,-1.6,5.816080898665412,0.4161890574241597,0.04286352349348263
9.55,-1.6,5.814265492750531,0.4229249329829313,0.04369933093838048
9.55,-1.65,5.815624762847227,0.4101131027693671,0.0425290495457442
9.6,-1.65,5.813812328853152,0.41684376164000436,0.04336953571863573
9.65,-1.65,5.812007666962749,0.4235542249881188,0.04421478120542472
9.65,-1.7,5.813363781235671,0.4107853425002485,0.04303673080365245
9.7,-1.7,5.811561732854031,0.4174904419139148,0.04388699881250923
9.75,-1.7,5.809768545193921,0.42417273703073,0.044741929728715636
9.75,-1.75,5.811120288231281,0.41145043581668356,0.04355625542532537
9.8,-1.75,5.809330876102083,0.41812500097676214,0.04441593179474667
9.85,-1.75,5.80755052445861,0.4247754216013127,0.045280647196307436
9.85,-1.8,5.808897696846626,0.41209979526838647,0.04408707371082992
9.9,-1.8,5.8071200484939665,0.41874480506642014,0.0449568813315212
9.95,-1.8,5.805350525084361,0.42536868003630923,0.04583205633106433
9.95,-1.85,5.80669561582237,0.4127338786266805,0.04462966499147376
10.0,-1.85,5.804928124481894,0.41935432048481536,0.04551024745439323
10.05,-1.85,5.803173030842657,0.42594250969375425,0.04639532844710988
10.05,-1.9,5.804510785399255,0.4133611314554304,0.045185309144271
10.1,-1.9,5.802757942844642,0.4199459477441631,0.046075766732037574
10.15,-1.9,5.80100997396702,0.426515741537013,0.046973225571555095
10.15,-1.95,5.802347251577244,0.4139722112578879,0.04575321330228313
10.2,-1.95,5.800602262701933,0.42053617236529006,0.046656002543956666
10.2,-2.0,5.80194221886193,0.4080174206684781,0.04542740134882273
10.25,-2.0,5.800199705105413,0.4145775282781569,0.0463355608810536
10.3,-2.0,5.7984661345139,0.42111403817809423,0.04724983618011245
10.3,-2.05,5.7998020182848355,0.4086415061522809,0.04601194777246355
10.35,-2.05,5.798071395163799,0.4151721764860458,0.04693174300098007
10.4,-2.05,5.796356383424991,0.42166246364373383,0.047856125346359336
10.4,-2.1,5.79768603763635,0.4092412810222791,0.0466092140104037
10.45,-2.1,5.795970664205791,0.415733859880287,0.04754009048936474
10.5,-2.1,5.794258412813277,0.4222166083142135,0.04847929134444806
10.5,-2.15,5.795589376797171,0.40982799920087126,0.04722103176244729
10.55,-2.15,5.793879903411216,0.41630620836073884,0.04816599563955746
10.6,-2.15,5.792179041415682,0.422760954694377,0.04911835377065076
10.6,-2.2,5.793505096117284,0.41042057687280387,0.047850062839669645
10.65,-2.2,5.791808243317127,0.41686750622150853,0.04880747484261963
10.7,-2.2,5.790120969075817,0.4232902579830155,0.04977295145902219
10.7,-2.25,5.7914436254659645,0.4109926594880025,0.04849324470914524
10.75,-2.25,5.789758343457962,0.41741220252366795,0.049465088937765946
10.8,-2.25,5.788081001753971,0.423809143813811,0.05044421294147372
10.8,-2.3,5.789400193275904,0.41155852461375764,0.04915397733656691
10.85,-2.3,5.787726066251079,0.41794907537229326,0.05013920659750931
10.9,-2.3,5.786058846523758,0.4243195330183286,0.051133263057512035
10.9,-2.35,5.787375462717384,0.4121117644255736,0.049831284657789895
10.95,-2.35,5.785711493524754,0.4184775340020848,0.05083125082194051
11.0,-2.35,5.784055149589452,0.4248216859055939,0.05184034924281328
11.0,-2.4,5.785369519411334,0.4126552214109546,0.05052599894342454
11.05,-2.4,5.78371586922829,0.41899369218312504,0.05154173578526337
11.1,-2.4,5.7820700966522,0.42531288445872173,0.052566064879104986
11.1,-2.45,5.78338194245716,0.413189171129317,0.05123514016185378
11.15,-2.45,5.781736516084373,0.4195088195943552,0.052271368895811195
11.2,-2.45,5.780101982736482,0.4257999084522646,0.05331205134896932
11.2,-2.5,5.781409888190873,0.41372278804875723,0.0519723609903972
11.25,-2.5,5.779778655749485,0.42000764238952165,0.05301988698802458
11.25,-2.55,5.7810873704007,0.4079625055247589,0.0516698621924079
11.3,-2.55,5.779458728733737,0.41424242464545186,0.052724661979433485
11.35,-2.55,5.777834121616566,0.4205097667344996,0.05379063765889176
11.35,-2.6,5.77914136613104,0.4085041885259936,0.05242666971430658
11.4,-2.6,5.777523797846628,0.41475635267021205,0.05349857616204137
