U_Ga-4p,U_As-4p,Eg(eV)
-10.01,7.86,1.5182748728994127
-10.0,7.86,1.5191414722922505
-9.99,7.86,1.5200080716850883
-9.98,7.86,1.5208746710779264
-9.98,7.85,1.5174596547068646
-9.97,7.85,1.5183262540997025
-9.96,7.85,1.519192853507405
-9.95,7.85,1.5200594528960865
-9.94,7.85,1.5209260522866654
-9.94,7.84,1.5175110359289032
-9.93,7.84,1.5183776353164027
-9.92,7.84,1.5192442347039021
-9.91,7.84,1.5201108341051917
-9.9,7.84,1.5209774334798096
-9.9,7.83,1.517562417154176
-9.89,7.83,1.5184290165287924
-9.88,7.83,1.5192956158969304
-9.87,7.83,1.52016221528303
-9.86,7.83,1.5210288146762339
-9.86,7.82,1.5176137983096858
-9.85,7.82,1.5184803977009016
-9.84,7.82,1.5193125868447084
-9.83,7.82,1.5201826887519072
-9.82,7.82,1.521052790659106
-9.82,7.81,1.517633292308363
-9.81,7.81,1.5185033942067663
-9.8,7.81,1.51937349610517
-9.79,7.81,1.520222038663161
-9.78,7.81,1.521085624201856
-9.78,7.8,1.517677064985127
-9.77,7.8,1.5185406505653436
-9.76,7.8,1.5194323175827287
-9.75,7.8,1.520293434206072
-9.75,7.79,1.5168831292541005
-9.74,7.79,1.5177442458847998
-9.73,7.79,1.5186053625574802
-9.72,7.79,1.519466479175699
-9.71,7.79,1.5203156748651057
-9.71,7.78,1.5169198539861646
-9.7,7.78,1.5177806864190746
-9.69,7.78,1.5186415188603022
-9.68,7.78,1.5195243926821682
-9.67,7.78,1.520375104736599
-9.67,7.77,1.516996195207314
-9.66,7.77,1.517846907270695
-9.65,7.77,1.5186976193371384
-9.64,7.77,1.5195497921979944
-9.63,7.77,1.5204056986669816
-9.63,7.76,1.5170198632778138
-9.62,7.76,1.5178757697624456
-9.61,7.76,1.5187316762023044
-9.6,7.76,1.5195875826727103
-9.59,7.76,1.5204467077058719
-9.59,7.75,1.5170575544928688
-9.58,7.75,1.5179172470401787
-9.57,7.75,1.5187769395874888
-9.56,7.75,1.5196405023233601
-9.55,7.75,1.5205006189579222
-9.55,7.74,1.5171182361107245
-9.54,7.74,1.517978352751397
-9.53,7.74,1.5188384693878234
-9.52,7.74,1.5196985860242505
-9.51,7.74,1.5205627880163046
-9.51,7.73,1.517186969504269
-9.5,7.73,1.5180475685776291
-9.49,7.73,1.5189081676509892
-9.48,7.73,1.519774569039503
-9.47,7.73,1.5206393658854207
-9.47,7.72,1.5172600685420297
-9.46,7.72,1.5181248654002633
-9.45,7.72,1.5189896622394534
-9.44,7.72,1.5198558690173865
-9.43,7.72,1.520726262172671
-9.43,7.71,1.517339503975244
-9.42,7.71,1.518209897162314
-9.41,7.71,1.5190780542443885
-9.4,7.71,1.519950164949583
-9.39,7.71,1.5208222756524243
-9.39,7.7,1.5174387261386937
-9.38,7.7,1.5183108368373497
-9.37,7.7,1.5191829475278422
-9.36,7.7,1.520056697229644
-9.35,7.7,1.520930430785184
-9.35,7.69,1.51754850222081
-9.34,7.69,1.5184222357417965
-9.33,7.69,1.519295969266244
-9.32,7.69,1.5201697027899703
-9.31,7.69,1.5210504579754025
-9.31,7.68,1.517671102365905
-9.3,7.68,1.518546534153041
-9.29,7.68,1.5194219659387855
-9.28,7.68,1.520311518662734
-9.28,7.67,1.5169250877720875
-9.27,7.67,1.5178058249661341
-9.26,7.67,1.5186865621580456
-9.25,7.67,1.5195672993499478
-9.24,7.67,1.520455938785785
-9.24,7.66,1.5170656667900753
-9.23,7.66,1.5179506032726073
-9.22,7.66,1.5188355397521685
-9.21,7.66,1.5197181640097328
-9.2,7.66,1.520603520268351
-9.2,7.65,1.5172216156678124
-9.19,7.65,1.5181069719183529
-9.18,7.65,1.5189923281741733
-9.17,7.65,1.5198776844273536
-9.16,7.65,1.5207590558478734
-9.16,7.64,1.5173864810889008
-9.15,7.64,1.5182724944798838
-9.14,7.64,1.519158507870867
-9.13,7.64,1.5200556863541537
-9.12,7.64,1.5209467616409151
-9.12,7.63,1.5175699842415504
-9.11,7.63,1.5184610595317338
-9.1,7.63,1.5193521348218981
-9.09,7.63,1.5202432101120624
-9.09,7.62,1.5168676655663127
-9.08,7.62,1.517765426863661
-9.07,7.62,1.5186631881622656
-9.06,7.62,1.5195609494608915
-9.05,7.62,1.5204587107585863
-9.05,7.61,1.5170707122833162
-9.04,7.61,1.5179731456049539
-9.03,7.61,1.5188755789269204
-9.02,7.61,1.5197780122482403
-9.01,7.61,1.520677182971924
-9.01,7.6,1.517295027772274
-9.0,7.6,1.5181979223331297
-8.99,7.6,1.5191008168948876
-8.98,7.6,1.5200037114575546
-8.97,7.6,1.520906606020044
-8.97,7.59,1.517528304205619
-8.96,7.59,1.5184317067021678
-8.95,7.59,1.519335109192237
-8.94,7.59,1.5202385116862351
-8.94,7.58,1.5168650658380893
-8.93,7.58,1.5177724757744742
-8.92,7.58,1.518679885710859
-8.91,7.58,1.5195872956392242
-8.9,7.58,1.5204947055596907
-8.9,7.57,1.517116085591123
-8.89,7.57,1.5180251964089113
-8.88,7.57,1.518938787187972
-8.87,7.57,1.5198523779670328
-8.86,7.57,1.5207659687453239
-8.86,7.56,1.5173791077794463
-8.85,7.56,1.518292698557969
-8.84,7.56,1.519208087886053
-8.83,7.56,1.5201255791230355
-8.82,7.56,1.5210430703619258
-8.82,7.55,1.5176577191304579
-8.81,7.55,1.5185755895491626
-8.8,7.55,1.5194934599678676
-8.79,7.55,1.520411330386822
-8.79,7.54,1.5170286246121814
-8.78,7.54,1.517946495031841
-8.77,7.54,1.5188643654515008
-8.76,7.54,1.5197854667770976
-8.75,7.54,1.5207037737220384
-8.75,7.53,1.517327850677087
-8.74,7.53,1.5182461576188326
-8.73,7.53,1.5191705374777087
-8.72,7.53,1.5200928327284435
-8.71,7.53,1.5210151279757715
-8.71,7.52,1.517636032474479
-8.7,7.52,1.5185583277382781
-8.69,7.52,1.5194825349719467
-8.68,7.52,1.520410783829116
-8.68,7.51,1.517023748714622
-8.67,7.51,1.51795199759889
-8.66,7.51,1.5188785841794012
-8.65,7.51,1.5198084192920558
-8.64,7.51,1.5207382544044665
-8.64,7.5,1.5173545770835561
-8.63,7.5,1.518284412191565
-8.62,7.5,1.5192142472978512
-8.61,7.5,1.520147144067956
-8.6,7.5,1.5210790976674984
-8.6,7.49,1.5176975365544307
-8.59,7.49,1.5186294901448079
-8.58,7.49,1.519561443738323
-8.57,7.49,1.5204933973304826
-8.57,7.48,1.5171210209912476
-8.56,7.48,1.5180549536785044
-8.55,7.48,1.5189888863192984
-8.54,7.48,1.5199228189904515
-8.53,7.48,1.5208726754096333
-8.53,7.47,1.5174856744998935
-8.52,7.47,1.5184259018615947
-8.51,7.47,1.5193661292291805
-8.5,7.47,1.5203063565959996
-8.5,7.46,1.5169174593305403
-8.49,7.46,1.5178616237350662
-8.48,7.46,1.5188057881245725
-8.47,7.46,1.5197499525355742
-8.46,7.46,1.5206911622396013
-8.46,7.45,1.5173082578046884
-8.45,7.45,1.5182528573966183
-8.44,7.45,1.5191974569852846
-8.43,7.45,1.520142056585898
-8.42,7.45,1.5210866561806755
-8.42,7.44,1.5177068548845263
-8.41,7.44,1.5186519022208946
-8.4,7.44,1.5195969495859643
-8.39,7.44,1.5205419969278902
-8.39,7.43,1.5171678855365158
-8.38,7.43,1.5181169744195355
-8.37,7.43,1.5190660633025554
-8.36,7.43,1.5200151521695313
-8.35,7.43,1.5209642410443904
-8.35,7.42,1.5175846483980675
-8.34,7.42,1.5185355311740762
-8.33,7.42,1.5194904931529607
-8.32,7.42,1.520445455135842
-8.32,7.41,1.517058030720042
-8.31,7.41,1.5180106591872895
-8.3,7.41,1.5189673216019548
-8.29,7.41,1.5199239840166165
-8.28,7.41,1.5208806464312823
-8.28,7.4,1.5174963216825568
-8.27,7.4,1.5184529840972223
-8.26,7.4,1.5194121356096262
-8.25,7.4,1.5203707422759427
-8.25,7.39,1.5169883595348015
-8.24,7.39,1.5179469662299163
-8.23,7.39,1.5189055729242749
-8.22,7.39,1.51986417961979
-8.21,7.39,1.5208310602724482
-8.21,7.38,1.5174512554884299
-8.2,7.38,1.5184117780329247
-8.19,7.38,1.5193723005723292
-8.18,7.38,1.5203481166835753
-8.18,7.37,1.5169603329507713
-8.17,7.37,1.5179268412096856
-8.16,7.37,1.5188933494620458
-8.15,7.37,1.5198598577138513
-8.14,7.37,1.5208327918184852
-8.14,7.36,1.517441575884769
-8.13,7.36,1.518412181008063
-8.12,7.36,1.5193827861313571
-8.11,7.36,1.5203504855063026
-8.11,7.35,1.5169668738919257
-8.1,7.35,1.5179379223858906
-8.09,7.35,1.5189089708739667
-8.08,7.35,1.5198800193613033
-8.07,7.35,1.5208510678486402
-8.07,7.34,1.5174712797403558
-8.06,7.34,1.518442863271003
-8.05,7.34,1.5194144468094892
-8.04,7.34,1.5203860303499082
-8.04,7.33,1.5170119807542344
-8.03,7.33,1.5179880045523437
-8.02,7.33,1.5189640283504526
-8.01,7.33,1.519940052192617
-8.0,7.33,1.5209160760158023
-8.0,7.32,1.5175363659863472
-7.99,7.32,1.5185140601259124
-7.98,7.32,1.5194963800884111
-7.97,7.32,1.5204787000509101
-7.97,7.31,1.5170905956285639
-7.96,7.31,1.5180693492551809
-7.95,7.31,1.5190536015281366
-7.94,7.31,1.5200378538046766
-7.93,7.31,1.5210221060740483
-7.93,7.3,1.5176366875106306
-7.92,7.3,1.5186209397835864
-7.91,7.3,1.5196084459961732
-7.9,7.3,1.520594722954229
-7.9,7.29,1.5172113267044436
-7.89,7.29,1.518197603662847
-7.88,7.29,1.5191838806222044
-7.87,7.29,1.5201701575829123
-7.86,7.29,1.5211654317653571
-7.86,7.28,1.5177845145009128
-7.85,7.28,1.5187728110798697
-7.84,7.28,1.5197611076651838
-7.83,7.28,1.520766098464779
-7.83,7.27,1.5173766958350359
-7.82,7.27,1.5183713561450862
-7.81,7.27,1.5193660164675165
-7.8,7.27,1.5203606767879614
-7.8,7.26,1.5169698214041523
-7.79,7.26,1.5179689765278055
-7.78,7.26,1.5189681316668695
-7.77,7.26,1.5199672867853629
-7.76,7.26,1.5209629504111721
-7.76,7.25,1.5175772660059013
-7.75,7.25,1.5185769054509193
-7.74,7.25,1.5195765448980554
-7.73,7.25,1.5205761843388106
-7.73,7.24,1.5171904999423766
-7.72,7.24,1.5181901393864505
-7.71,7.24,1.519194615531471
-7.7,7.24,1.5201948103666312
-7.7,7.23,1.5168162818474862
-7.69,7.23,1.517816476682646
-7.68,7.23,1.518823508930545
-7.67,7.23,1.5198282766618612
-7.66,7.23,1.5208330444107856
-7.66,7.22,1.517450848887826
-7.65,7.22,1.5184556166231058
-7.64,7.22,1.5194621978839287
-7.63,7.22,1.5204738222390044
-7.63,7.21,1.5170824851783844
-7.62,7.21,1.5180941095273832
-7.61,7.21,1.5191056113905856
-7.6,7.21,1.5201190264088504
-7.59,7.21,1.5211324414197929
-7.59,7.2,1.5177465653623572
-7.58,7.2,1.5187599803775569
-7.57,7.2,1.51977339540393
-7.56,7.2,1.5207901780327913
-7.56,7.19,1.5174067225638597
-7.55,7.19,1.5184225613246816
-7.54,7.19,1.5194384000793315
-7.53,7.19,1.5204542388471705
-7.53,7.18,1.5170707833550159
-7.52,7.18,1.5180938349819297
-7.51,7.18,1.5191113467211177
-7.5,7.18,1.5201288584846155
-7.49,7.18,1.5211463702481132
-7.49,7.17,1.5177695763011168
-7.48,7.17,1.5187933445572928
-7.47,7.17,1.5198171127721394
-7.46,7.17,1.5208408810171283
-7.46,7.16,1.517451253896492
-7.45,7.16,1.5184768081845155
-7.44,7.16,1.5195023624633006
-7.43,7.16,1.5205279167755972
-7.43,7.15,1.5171440481441656
-7.42,7.15,1.5181696024345093
-7.41,7.15,1.5191980067725581
-7.4,7.15,1.5202254441213867
-7.4,7.14,1.5168434560671842
-7.39,7.14,1.5178708934128762
-7.38,7.14,1.5188983307674409
-7.37,7.14,1.519925768118989
-7.36,7.14,1.520961597612111
-7.36,7.13,1.5175822749614687
-7.35,7.13,1.5186116714360378
-7.34,7.13,1.519641067921636
-7.33,7.13,1.5206883715709418
-7.33,7.12,1.5173003165149188
-7.32,7.12,1.5183362583904227
-7.31,7.12,1.5193722002946966
-7.3,7.12,1.5204081421934896
-7.3,7.11,1.5170044002250682
-7.29,7.11,1.5180363664781948
-7.28,7.11,1.5190683327247165
-7.27,7.11,1.5201002989820211
-7.26,7.11,1.5211369743647558
-7.26,7.1,1.517771842448019
-7.25,7.1,1.5188038061195017
-7.24,7.1,1.5198357697909848
-7.23,7.1,1.5208677334695277
-7.23,7.09,1.517502601545341
-7.22,7.09,1.518534565220551
-7.21,7.09,1.5195454159976154
-7.2,7.09,1.5205761089935497
-7.2,7.08,1.5172135655326333
-7.19,7.08,1.5182442585285676
-7.18,7.08,1.519290137199751
-7.17,7.08,1.5203204875070981
-7.17,7.07,1.5169619160415617
-7.16,7.07,1.5179922662183676
-7.15,7.07,1.5190226165248901
-7.14,7.07,1.5200768332976162
-7.13,7.07,1.521114710299118
-7.13,7.06,1.5177459593498734
-7.12,7.06,1.518783836750565
-7.11,7.06,1.519799684008999
-7.1,7.06,1.5208404735042484
-7.1,7.05,1.517460290377908
-7.09,7.05,1.5185010799337912
-7.08,7.05,1.5195418693732812
-7.07,7.05,1.520582658818905
-7.07,7.04,1.517200540464299
-7.06,7.04,1.5182451836103839
-7.05,7.04,1.5192898267564683
-7.04,7.04,1.5203344699169647
-7.04,7.03,1.516958135010647
-7.03,7.03,1.5180027781762448
-7.02,7.03,1.5191250031109769
-7.01,7.03,1.52018465007268
-7.01,7.02,1.516791323147626
-7.0,7.02,1.5178509684549488
-6.99,7.02,1.5188680508579693
-6.98,7.02,1.519939705034618
-6.97,7.02,1.5210113592112666
-6.97,7.01,1.5176023285398537
-6.96,7.01,1.5187038634816767
-6.95,7.01,1.5197763248871023
-6.94,7.01,1.520848786446566
-6.94,7.0,1.517470159520879
-6.93,7.0,1.5185426208665511
-6.92,7.0,1.51961508221222
-6.91,7.0,1.5206541304581487
-6.91,6.99,1.5172748042145483
-6.9,6.99,1.5183465644224903
-6.89,6.99,1.5194183245894433
-6.88,6.99,1.5204900846038163
-6.88,6.98,1.5171107589603376
-6.87,6.98,1.5181649587622303
-6.86,6.98,1.5192337889442147
-6.85,6.98,1.5203026178256822
-6.85,6.97,1.516937819163827
-6.84,6.97,1.518028613619871
-6.83,6.97,1.5190961638211107
-6.82,6.97,1.5201637140223503
-6.82,6.96,1.5168004702611797
-6.81,6.96,1.5178870731886094
-6.8,6.96,1.5189486532168444
-6.79,6.96,1.52001023324508
-6.78,6.96,1.5210718133318841
-6.78,6.95,1.517707640920738
-6.77,6.95,1.5187692209820853
-6.76,6.95,1.519829907096886
-6.75,6.95,1.5208979098358215
-6.75,6.94,1.5175401511938258
-6.74,6.94,1.5186081539275733
-6.73,6.94,1.5196761566288663
-6.72,6.94,1.5207441593407507
-6.72,6.93,1.5174207513407203
-6.71,6.93,1.5184954043652907
-6.7,6.93,1.5195700573722597
-6.69,6.93,1.5206447103792282
-6.69,6.92,1.5172633986518593
-6.68,6.92,1.518357844992195
-6.67,6.92,1.5194522913506234
-6.66,6.92,1.520546737672823
-6.66,6.91,1.5171526687967325
-6.65,6.91,1.5182491397062607
-6.64,6.91,1.5193456105833127
-6.63,6.91,1.5204420815786601
-6.63,6.9,1.5170545410653595
-6.62,6.9,1.518151011991296
-6.61,6.9,1.5192506147667362
-6.6,6.9,1.520349360912793
-6.6,6.89,1.5169640921097598
-6.59,6.89,1.5180628382500565
-6.58,6.89,1.5191615843950248
-6.57,6.89,1.520260330537503
-6.57,6.88,1.5168844494868203
-6.56,6.88,1.5179852515033923
-6.55,6.88,1.519086053515796
-6.54,6.88,1.5201868555306506
-6.54,6.87,1.5168062966551468
-6.53,6.87,1.5179136232624426
-6.52,6.87,1.5190209498279617
-6.51,6.87,1.520128276376431
-6.5,6.87,1.5212317123524195
-6.5,6.86,1.5178453674595116
-6.49,6.86,1.5189544659735335
-6.48,6.86,1.5200635644813025
-6.47,6.86,1.5211726629931905
-6.47,6.85,1.5177872341537113
-6.46,6.85,1.518898557971122
-6.45,6.85,1.5200098818240042
-6.44,6.85,1.5211212056381314
-6.44,6.84,1.5177370824310288
-6.43,6.84,1.5188484062760383
-6.42,6.84,1.519959730102461
-6.41,6.84,1.5210791651950766
-6.41,6.83,1.517698723749212
-6.4,6.83,1.5188121752718255
-6.39,6.83,1.5199256267171863
-6.38,6.83,1.5210584232158029
-6.38,6.82,1.5176685469664268
-6.37,6.82,1.5187890698733824
-6.36,6.82,1.5199095927756083
-6.35,6.82,1.5210255776654793
-6.35,6.81,1.5176396607103309
-6.34,6.81,1.518762217816417
-6.33,6.81,1.5198847749203623
-6.32,6.81,1.5210073320256758
-6.32,6.8,1.5176225657408775
-6.31,6.8,1.5187475923645994
-6.3,6.8,1.5198726189410499
-6.29,6.8,1.520997645575723
-6.29,6.79,1.5176141940727543
-6.28,6.79,1.5187392206781611
-6.27,6.79,1.5198642472814483
-6.26,6.79,1.5210004285021816
-6.26,6.78,1.5176203691091463
-6.25,6.78,1.5187479793971972
-6.24,6.78,1.5198755896966514
-6.23,6.78,1.521043897314562
-6.23,6.77,1.517646848118963
-6.22,6.77,1.518787160065996
-6.21,6.77,1.5199274719270428
-6.2,6.77,1.521058734689508
-6.2,6.76,1.5176618416591836
-6.19,6.76,1.5188059805101612
-6.18,6.76,1.5199501193157858
-6.17,6.76,1.5210942582411948
-6.17,6.75,1.5177026684790422
-6.16,6.75,1.518850796085819
-6.15,6.75,1.51999892366285
-6.14,6.75,1.5211470512547538
-6.14,6.74,1.517754139085723
-6.13,6.74,1.5189022667016192
-6.12,6.74,1.5200503943039694
-6.11,6.74,1.5212098657123636
-6.11,6.73,1.5178186391745938
-6.1,6.73,1.518969032268744
-6.09,6.73,1.520119425362913
-6.08,6.73,1.5212766927139572
-6.08,6.72,1.5178763258623147
-6.07,6.72,1.5190336344195279
-6.06,6.72,1.52019094299787
-6.06,6.71,1.5167912781335646
-6.05,6.71,1.5179504327153888
-6.04,6.71,1.5191095872995284
-6.03,6.71,1.520268741890638
-6.03,6.7,1.5168748606410931
-6.02,6.7,1.518034015223936
-6.01,6.7,1.5191980395321103
-6.0,6.7,1.5203580340124736
-6.0,6.69,1.5169649899280722
-5.99,6.69,1.5181249844141336
-5.98,6.69,1.51928497888817
-5.97,6.69,1.5204449733682257
-5.97,6.68,1.5170532479750933
-5.96,6.68,1.5182138576850217
-5.95,6.68,1.5193744673949503
-5.94,6.68,1.5205350771048791
-5.94,6.67,1.5171586152824357
-5.93,6.67,1.5183218930555982
-5.92,6.67,1.5194851708253108
-5.91,6.67,1.5206484486036858
-5.91,6.66,1.517257157077744
-5.9,6.66,1.518422430150653
-5.89,6.66,1.519587703223562
-5.88,6.66,1.5207529763066048
-5.88,6.65,1.5173681413909639
-5.87,6.65,1.5185334144655722
-5.86,6.65,1.5197022836021743
-5.85,6.65,1.520870083071202
-5.85,6.64,1.5174877698925684
-5.84,6.64,1.518655569314892
-5.83,6.64,1.5198233688104132
-5.82,6.64,1.520991168276183
-5.82,6.63,1.5176202628766202
-5.81,6.63,1.5187905412490497
-5.8,6.63,1.519960819634642
-5.79,6.63,1.5211310980150257
-5.79,6.62,1.5177539769073873
-5.78,6.62,1.5189319287435818
-5.77,6.62,1.5201098804464008
-5.77,6.61,1.516720795077442
-5.76,6.61,1.5178961355069012
-5.75,6.61,1.5190762654398209
-5.74,6.61,1.5202563953727402
-5.74,6.6,1.5168717556817617
-5.73,6.6,1.5180518856011478
-5.72,6.6,1.5192320155009518
-5.71,6.6,1.5204157245009107
-5.71,6.59,1.5170335927363552
-5.7,6.59,1.5182162352605293
-5.69,6.59,1.519398877807372
-5.68,6.59,1.520581520361599
-5.68,6.58,1.5171993885490414
-5.67,6.58,1.5183933669677057
-5.66,6.58,1.51957849186812
-5.65,6.58,1.5207636168970309
-5.65,6.57,1.5173852963796213
-5.64,6.57,1.5185720564264042
-5.63,6.57,1.5197646184251368
-5.62,6.57,1.520957180423869
-5.62,6.56,1.5175583072311305
-5.61,6.56,1.518753911418985
-5.6,6.56,1.5199495156068394
-5.59,6.56,1.521145119794796
-5.59,6.55,1.5177580561001085
-5.58,6.55,1.5189541868259029
-5.57,6.55,1.520150317552567
-5.57,6.54,1.5167663047216355
-5.56,6.54,1.5179626087353177
-5.55,6.54,1.5191589126915344
-5.54,6.54,1.5203521371048638
-5.54,6.53,1.5169682680581666
-5.53,6.53,1.5181690424590624
-5.52,6.53,1.519369816859958
-5.51,6.53,1.520566381325202
-5.51,6.52,1.5171836893360182
-5.5,6.52,1.5183880996713068
-5.49,6.52,1.5195912190408465
-5.48,6.52,1.5207942013746703
-5.48,6.51,1.5174121864826748
-5.47,6.51,1.518618294642232
-5.46,6.51,1.5198244028017887
-5.45,6.51,1.521030510961346
-5.45,6.5,1.51765486252171
-5.44,6.5,1.5188627100474301
-5.43,6.5,1.52007055774927
-5.42,6.5,1.5209228426644774
-5.42,6.49,1.5187513644904242
-5.41,6.49,1.51978524677251
-5.4,6.49,1.5208191259079786
-5.4,6.48,1.5174470603453605
-5.39,6.48,1.5184885458958466
-5.38,6.48,1.5195300289899925
-5.37,6.48,1.520571515132527
-5.37,6.47,1.5176924769601439
-5.36,6.47,1.51869626612189
-5.35,6.47,1.5197000598803445
-5.34,6.47,1.5208554142703539
-5.34,6.46,1.5181236135794287
-5.33,6.46,1.5187080564500754
-5.32,6.46,1.5199312103443146
-5.31,6.46,1.5211543642457972
-5.31,6.45,1.5177690365692027
-5.3,6.45,1.5189921904649306
-5.29,6.45,1.5202261634518532
-5.29,6.44,1.5168408040681376
-5.28,6.44,1.5180666471444004
-5.27,6.44,1.519292490206471
-5.26,6.44,1.5205281554427224
-5.26,6.43,1.5171403155089491
-5.25,6.43,1.518370969355094
-5.24,6.43,1.5196016230701068
-5.23,6.43,1.5208322767428732
-5.23,6.42,1.5174458389086651
-5.22,6.42,1.5186769161686082
-5.21,6.42,1.519907993299742
-5.2,6.42,1.5211361627204694
-5.2,6.41,1.517757077809959
-5.19,6.41,1.5189895661683943
-5.18,6.41,1.5202220545355265
-5.18,6.4,1.5168429696120826
-5.17,6.4,1.518075457996639
-5.16,6.4,1.5193090829947151
-5.15,6.4,1.5205429376266217
-5.15,6.39,1.5171652167419334
-5.14,6.39,1.518399071380435
-5.13,6.39,1.5196329260212402
-5.12,6.39,1.5208667806603011
-5.12,6.38,1.5174943838874686
-5.11,6.38,1.5187296082794863
-5.1,6.38,1.5199648320693842
-5.09,6.38,1.5212000561813515
-5.09,6.37,1.5178381676614592
-5.08,6.37,1.5190798186832044
-5.07,6.37,1.520321469717795
-5.07,6.36,1.5169413049684357
-5.06,6.36,1.518179773458809
-5.05,6.36,1.519423405
-5.04,6.36,1.5206670374021007
-5.04,6.35,1.5172901948396291
-5.03,6.35,1.5185338264976942
-5.02,6.35,1.5197774574181087
-5.01,6.35,1.5210270162779695
-5.01,6.34,1.517653747981231
-5.0,6.34,1.5189009659473536
-4.99,6.34,1.5201481839148396
-4.99,6.33,1.5167749174496823
-4.98,6.33,1.5180221345311535
-4.97,6.33,1.519252200289142
-4.96,6.33,1.5204961180275032
-4.96,6.32,1.5171272680123313
-4.95,6.32,1.5183711857398285
-4.94,6.32,1.519619761377829
-4.93,6.32,1.5208690450439863
-4.93,6.31,1.5174930149434753
-4.92,6.31,1.5187422994889077
-4.91,6.31,1.5199929584925553
-4.9,6.31,1.5212422231550442
-4.9,6.3,1.5178674296308938
-4.89,6.3,1.519116694481834
-4.88,6.3,1.5203659605781006
-4.88,6.29,1.5169911657383535
-4.87,6.29,1.5182404305886301
-4.86,6.29,1.519514503305059
-4.85,6.29,1.5207668973825998
-4.85,6.28,1.517395209868024
-4.84,6.28,1.51864760354221
-4.83,6.28,1.519899997280917
-4.82,6.28,1.5211819594068605
-4.82,6.27,1.5178177224804124
-4.81,6.27,1.5190765055123534
-4.8,6.27,1.5203261411589322
-4.8,6.26,1.5169595117786727
-4.79,6.26,1.5182235916124576
-4.78,6.26,1.519487671627006
-4.77,6.26,1.5207517511946442
-4.77,6.25,1.5173493335478343
-4.76,6.25,1.5186317994455174
-4.75,6.25,1.5199142653431408
-4.74,6.25,1.5211967312470682
-4.74,6.24,1.5178168856418441
-4.73,6.24,1.5190993515298739
-4.72,6.24,1.5203818174254724
-4.72,6.23,1.5170069243076907
-4.71,6.23,1.5182959453197056
-4.7,6.23,1.5195849663163905
-4.69,6.23,1.5208739871812065
-4.69,6.22,1.5174903426446846
-4.68,6.22,1.5187793633693232
-4.67,6.22,1.520082375495034
-4.67,6.21,1.5166967188327631
-4.66,6.21,1.5179669364273054
-4.65,6.21,1.5192630279765327
-4.64,6.21,1.5205591194135226
-4.64,6.2,1.517163742853258
-4.63,6.2,1.5184598343854172
-4.62,6.2,1.5197559259193454
-4.61,6.2,1.5210529198734797
-4.61,6.19,1.5176581878464497
-4.6,6.19,1.5189549253914802
-4.59,6.19,1.5202516629242733
-4.59,6.18,1.5168569309307172
-4.58,6.18,1.5181536684632018
-4.57,6.18,1.5195253829981294
-4.56,6.18,1.5208368961981025
-4.56,6.17,1.5174381435222166
-4.55,6.17,1.5187548775619035
-4.54,6.17,1.5200716115147836
-4.54,6.16,1.5166906214027562
-4.53,6.16,1.518007355347232
-4.52,6.16,1.5193240893024118
-4.51,6.16,1.5206354871509735
-4.51,6.15,1.5172415634255296
-4.5,6.15,1.518575917524471
-4.49,6.15,1.5199102716572406
-4.48,6.15,1.521244625299687
-4.48,6.14,1.5178507023368593
-4.47,6.14,1.5191850564346179
-4.46,6.14,1.5204872386372763
-4.46,6.13,1.5171001523048657
-4.45,6.13,1.5184359415034634
-4.44,6.13,1.5197717306609841
-4.43,6.13,1.5211075198145725
-4.43,6.12,1.5176977737362642
-4.42,6.12,1.5190253442306765
-4.41,6.12,1.520352914676089
-4.41,6.11,1.5169839636044862
-4.4,6.11,1.5183107815303662
-4.39,6.11,1.5196375993141058
-4.38,6.11,1.5209644171687433
-4.38,6.1,1.517593548285229
-4.37,6.1,1.5189203661246236
-4.36,6.1,1.520273136427197
-4.36,6.09,1.5168968203176716
-4.35,6.09,1.518218218817048
-4.34,6.09,1.519539617308864
-4.33,6.09,1.5208610157320344
-4.33,6.08,1.5174846997599873
-4.32,6.08,1.5188186347908055
-4.31,6.08,1.520142800672846
-4.31,6.07,1.516760223145944
-4.3,6.07,1.51808778027501
-4.29,6.07,1.5194153373443435
-4.28,6.07,1.5207428945213541
-4.28,6.06,1.5173676975300552
-4.27,6.06,1.5186952546012293
-4.26,6.06,1.5200271918116055
-4.26,6.05,1.5166487067602303
-4.25,6.05,1.5179825255542476
-4.24,6.05,1.5193163443726876
-4.23,6.05,1.520650163178818
-4.23,6.04,1.5172716780386106
-4.22,6.04,1.5186054969398874
-4.21,6.04,1.5199526207506633
-4.2,6.04,1.5212925369029482
-4.2,6.03,1.5179107149512385
-4.19,6.03,1.5192506311467735
-4.18,6.03,1.5205905471738617
-4.18,6.02,1.5172180191874411
-4.17,6.02,1.5185610988264355
-4.16,6.02,1.519904178464695
-4.15,6.02,1.521242020410818
-4.15,6.01,1.5178631384259489
-4.14,6.01,1.5192085405157658
-4.13,6.01,1.520553942598386
-4.13,6.0,1.5171750607381647
-4.12,6.0,1.5185204628251763
-4.11,6.0,1.5198684241082834
-4.1,6.0,1.5212161659304995
-4.1,5.99,1.5178396187250596
-4.09,5.99,1.5191873605470834
-4.08,5.99,1.5205351023691072
-4.08,5.98,1.5171585551600142
-4.07,5.98,1.5185143512443138
-4.06,5.98,1.519863972581414
-4.05,5.98,1.521210582398911
-4.05,5.97,1.5178383190553537
-4.04,5.97,1.519190217783784
-4.03,5.97,1.5205421165136248
-4.03,5.96,1.5171698531707296
-4.02,5.96,1.5185217518998007
-4.01,5.96,1.5198777881782477
-4.0,5.96,1.5212344917218412
-4.0,5.95,1.5178598677778365
-3.99,5.95,1.5192165713443382
-3.98,5.95,1.520573274866342
-3.98,5.94,1.5171986509452027
-3.97,5.94,1.5185553544551422
-3.96,5.94,1.5198867917935983
-3.95,5.94,1.5212382487983414
-3.95,5.93,1.5178694851227612
-3.94,5.93,1.5192209421009488
-3.93,5.93,1.520572399158987
-3.93,5.92,1.5172110372224925
-3.92,5.92,1.5185650142863536
-3.91,5.92,1.5199189913466635
-3.9,5.92,1.5212660745211135
-3.9,5.91,1.517862936569745
-3.89,5.91,1.5192190336441507
-3.88,5.91,1.5205751307350508
-3.88,5.9,1.5171719923892089
-3.87,5.9,1.5185280894790922
-3.86,5.9,1.5199437131317066
-3.85,5.9,1.521306231963974
-3.85,5.89,1.5179094159947375
-3.84,5.89,1.5192719342280858
-3.83,5.89,1.5206344543270087
-3.83,5.88,1.5172376369891643
-3.82,5.88,1.5186614098161955
-3.81,5.88,1.5200360360339351
-3.81,5.87,1.5166209177725976
-3.8,5.87,1.5180044521554155
-3.79,5.87,1.5193879869626619
-3.78,5.87,1.5207715217699085
-3.78,5.86,1.517380949504436
-3.77,5.86,1.5187644839848293
-3.76,5.86,1.5201394206979855
-3.76,5.85,1.5167263717727928
-3.75,5.85,1.5181408043303941
-3.74,5.85,1.5195552367801162
-3.73,5.85,1.5209696705524254
-3.73,5.84,1.5175566210285227
-3.72,5.84,1.5189710539799375
-3.71,5.84,1.5203613390889879
-3.71,5.83,1.5169532137827586
-3.7,5.83,1.518371623112189
-3.69,5.83,1.5197900325262892
-3.68,5.83,1.5212084420663763
-3.68,5.82,1.5178209962462166
-3.67,5.82,1.5192462386558439
-3.66,5.82,1.5206714812359217
-3.66,5.81,1.5172752369345672
-3.65,5.81,1.5186976663495355
-3.64,5.81,1.5201200957663588
-3.64,5.8,1.5167142637675015
-3.63,5.8,1.518136693083124
-3.62,5.8,1.5195591223987461
-3.61,5.8,1.5209877494305721
-3.61,5.79,1.517587294703887
-3.6,5.79,1.5190151147359767
-3.59,5.79,1.5204429347709796
-3.59,5.78,1.517042480028124
-3.58,5.78,1.5184703000439312
-3.57,5.78,1.5199077639677536
-3.56,5.78,1.5213375032693846
-3.56,5.77,1.517924219303032
-3.55,5.77,1.5193600879680744
-3.54,5.77,1.52079595664418
-3.54,5.76,1.5173980807341367
-3.53,5.76,1.5188339493975975
-3.52,5.76,1.5202698180274556
-3.52,5.75,1.5168406984631257
-3.51,5.75,1.5182787592292608
-3.5,5.75,1.5197168201633078
-3.49,5.75,1.5211548810901432
-3.49,5.74,1.5177508012894296
-3.48,5.74,1.519188862088177
-3.47,5.74,1.5206269228960259
-3.47,5.73,1.517278184104684
-3.46,5.73,1.518742123844744
-3.45,5.73,1.5202060635801242
-3.45,5.72,1.5167770381891563
-3.44,5.72,1.5182735499291278
-3.43,5.72,1.519727677728719
-3.42,5.72,1.5211818053442137
-3.42,5.71,1.5178113143400278
-3.41,5.71,1.5192445792741487
-3.4,5.71,1.5207054909474311
-3.4,5.7,1.5173261367297224
-3.39,5.7,1.5187870484650516
-3.38,5.7,1.5202479602000947
-3.38,5.69,1.516868606008054
-3.37,5.69,1.5183295173861349
-3.36,5.69,1.5197328504934218
-3.35,5.69,1.521186606218751
-3.35,5.68,1.5178202655936204
-3.34,5.68,1.5192740211455482
-3.33,5.68,1.5207277766974758
-3.33,5.67,1.5171856631592102
-3.32,5.67,1.5185786318403671
-3.31,5.67,1.5199716019417386
-3.31,5.66,1.5167687258125762
-3.3,5.66,1.518144851772062
-3.29,5.66,1.519520977705134
-3.28,5.66,1.5208971031655083
-3.28,5.65,1.517636028966185
-3.27,5.65,1.519012155172432
-3.26,5.65,1.5201437220661373
-3.26,5.64,1.5168130145227647
-3.25,5.64,1.5181189666277253
-3.24,5.64,1.519424915866153
-3.23,5.64,1.5207308677900344
-3.23,5.63,1.517400161618463
-3.22,5.63,1.51888472669567
-3.21,5.63,1.520224375880465
-3.21,5.62,1.5168400427622764
-3.2,5.62,1.5181612344635609
-3.19,5.62,1.5194824261648479
-3.18,5.62,1.520803617866133
-3.18,5.61,1.5173655924572413
-3.17,5.61,1.5186867841585279
-3.16,5.61,1.5201951920861978
-3.16,5.6,1.5167827970609142
-3.15,5.6,1.5181236102373568
-3.14,5.6,1.5194644196073215
-3.13,5.6,1.5208052289772875
-3.13,5.59,1.517392835515261
-3.12,5.59,1.5187336423739555
-3.11,5.59,1.521336992580733
-3.11,5.58,1.5176216581106337
-3.1,5.58,1.5193502624575688
-3.09,5.58,1.5210788668045039
-3.09,5.57,1.5176761488364374
-3.08,5.57,1.5193355486220765
-3.07,5.57,1.520994948014267
-3.07,5.56,1.5176904799926314
-3.06,5.56,1.518952262277626
-3.05,5.56,1.5209095002526347
-3.05,5.55,1.5173235833345289
-3.04,5.55,1.5192808208345359
-3.03,5.55,1.5212380583372007
-3.03,5.54,1.5176521417839712
-3.02,5.54,1.519609379190836
-3.01,5.54,1.5201169157146581
-3.01,5.53,1.5168722530233743
-3.0,5.53,1.5184730480473325
-2.99,5.53,1.5200738424020575
-2.99,5.52,1.5168291832239662
-2.98,5.52,1.5184299750356511
-2.97,5.52,1.518751982355472
-2.96,5.52,1.5200246593628406
-2.96,5.51,1.5175917777868952
-2.95,5.51,1.5187031614131452
-2.94,5.51,1.5198145450393952
-2.93,5.51,1.5209259294474853
-2.93,5.5,1.5179523008325564
-2.92,5.5,1.5190636847995918
-2.91,5.5,1.5206244395296846
-2.91,5.49,1.517486394394798
-2.9,5.49,1.5184346106080733
-2.89,5.49,1.5193828284187019
-2.88,5.49,1.5203310447751326
-2.88,5.48,1.5171929976710576
-2.87,5.48,1.5191859325697463
-2.86,5.48,1.5203517835980596
-2.86,5.47,1.5167155880766159
-2.85,5.47,1.5179834373171683
-2.84,5.47,1.5192513002679462
-2.83,5.47,1.5205191632187236
-2.83,5.46,1.5170393986035289
-2.82,5.46,1.5183072615543065
-2.81,5.46,1.5198599438075184
-2.8,5.46,1.5215551721615261
-2.8,5.45,1.5178485540058166
-2.79,5.45,1.5195437827618528
-2.78,5.45,1.5212390115067558
-2.78,5.44,1.5175323929896531
-2.77,5.44,1.5192276217974205
-2.76,5.44,1.5208430599490836
-2.76,5.43,1.5171445618396642
-2.75,5.43,1.518962698603926
-2.74,5.43,1.5207808354533499
-2.74,5.42,1.5174776436679247
-2.73,5.42,1.519293531274669
-2.72,5.42,1.5211094188814134
-2.72,5.41,1.5174150458097928
-2.71,5.41,1.5188200342972054
-2.7,5.41,1.5208626086199626
-2.7,5.4,1.5169318310034847
-2.69,5.4,1.518974410222297
-2.68,5.4,1.5210169894411085
-2.68,5.39,1.5170862027143928
-2.67,5.39,1.5191287798394868
-2.66,5.39,1.5206045681041882
-2.66,5.38,1.5168133961159034
-2.65,5.38,1.5186351161050486
-2.64,5.38,1.5204568360941941
-2.64,5.37,1.5165647795857706
-2.63,5.37,1.5183562265646813
-2.62,5.37,1.5201476806197018
-2.62,5.36,1.51654189442817
-2.61,5.36,1.518541534513722
-2.6,5.36,1.5200604088037877
-2.6,5.35,1.5166797730238002
-2.59,5.35,1.5181986472527655
-2.58,5.35,1.5197175214817324
-2.57,5.35,1.5212363958828785
-2.57,5.34,1.517892146642649
-2.56,5.34,1.5194310045364068
-2.55,5.34,1.5209698624301646
-2.55,5.33,1.5175754875104333
-2.54,5.33,1.5191143452353915
-2.53,5.33,1.5206532033068394
-2.53,5.32,1.5172749945452388
-2.52,5.32,1.5188191397593243
-2.51,5.32,1.5203632853872537
-2.51,5.31,1.5169350681742386
-2.5,5.31,1.5184878662804513
-2.49,5.31,1.5200406643866642
-2.49,5.3,1.516642478366393
-2.48,5.3,1.5181952764706332
-2.47,5.3,1.51974807457656
-2.46,5.3,1.5212743470564931
-2.46,5.29,1.5178777568480768
-2.45,5.29,1.519432061605419
-2.44,5.29,1.5209863663532737
-2.44,5.28,1.5175897761549617
-2.43,5.28,1.519144080911379
-2.42,5.28,1.5207084329648357
-2.42,5.27,1.5172914121382322
-2.41,5.27,1.518846790884156
-2.4,5.27,1.5204434761869563
-2.4,5.26,1.5170648027340783
-2.39,5.26,1.5186120071844726
-2.38,5.26,1.5201592115555382
-2.38,5.25,1.5167805383953181
-2.37,5.25,1.518327742778712
-2.36,5.25,1.5198923906333877
-2.35,5.25,1.5214437076338734
-2.35,5.24,1.5180657380559879
-2.34,5.24,1.5196170550556802
-2.33,5.24,1.5211683720759328
-2.33,5.23,1.5177904026599376
-2.32,5.23,1.5193484854365233
-2.31,5.23,1.5209137775571495
-2.31,5.22,1.517528720964115
-2.3,5.22,1.5190940131381765
-2.29,5.22,1.5206527111188854
-2.29,5.21,1.5173046652278923
-2.28,5.21,1.5188638604923024
-2.27,5.21,1.520423055737552
-2.27,5.2,1.5170635942752628
-2.26,5.2,1.518629820648861
-2.25,5.2,1.5201960470496614
-2.25,5.19,1.5168433564271278
-2.24,5.19,1.5184095827772446
-2.23,5.19,1.5199758091990114
-2.23,5.18,1.5166231185537895
-2.22,5.18,1.5182019336623453
-2.21,5.18,1.5197789965895887
-2.2,5.18,1.5213560596141669
-2.2,5.17,1.5179958320167555
-2.19,5.17,1.519580865209762
-2.18,5.17,1.5211559038314117
-2.18,5.16,1.5178077263058083
-2.17,5.16,1.5193827649133822
-2.16,5.16,1.5209536958771277
-2.16,5.15,1.5175985906739715
-2.15,5.15,1.519182730749623
-2.14,5.15,1.5207668708109991
-2.14,5.14,1.5174117656202115
-2.13,5.14,1.518995905696631
-2.12,5.14,1.5205800457771894
-2.12,5.13,1.5171835462369132
-2.11,5.13,1.5187453817738272
-2.1,5.13,1.520307217363123
-2.1,5.12,1.516971934885813
-2.09,5.12,1.5185337254333475
-2.08,5.12,1.5200950908009359
-2.08,5.11,1.5167626516368262
-2.07,5.11,1.5183240169866716
-2.06,5.11,1.5198956556321932
-2.06,5.1,1.5165722850734253
-2.05,5.1,1.5181232440337624
-2.04,5.1,1.519674202994595
-2.03,5.1,1.5212251619565733
-2.03,5.09,1.5179017913856507
-2.02,5.09,1.5194527503298811
-2.01,5.09,1.5210760653838369
-2.01,5.08,1.517735986563732
-2.0,5.08,1.5192999013140105
-1.99,5.08,1.520863816064202
-1.99,5.07,1.5175057386308122
-1.98,5.07,1.5190687211185236
-1.97,5.07,1.5206317035024073
-1.97,5.06,1.5172976775430784
-1.96,5.06,1.518904085233564
-1.95,5.06,1.5204859446588368
-1.95,5.05,1.5171482408663428
-1.94,5.05,1.5187301000193145
-1.93,5.05,1.5203119597197492
-1.93,5.04,1.516974255973803
-1.92,5.04,1.51855611526935
-1.91,5.04,1.520116627030685
-1.91,5.03,1.51678286005521
-1.9,5.03,1.5183745213154698
-1.89,5.03,1.5199661826526192
-1.89,5.02,1.5166371087507249
-1.88,5.02,1.5182313154498697
-1.87,5.02,1.519825522126234
-1.86,5.02,1.5214197286469302
-1.86,5.01,1.5180609636366624
-1.85,5.01,1.5196677677162567
-1.84,5.01,1.5212745720301524
-1.84,5.0,1.5179149390884739
-1.83,5.0,1.5195217431670698
-1.82,5.0,1.521128547239024
-1.82,4.99,1.5177700086544694
-1.81,4.99,1.5193764887153245
-1.8,4.99,1.5209829688259848
-1.8,4.98,1.5176231917374312
-1.79,4.98,1.5192296718145446
-1.78,4.98,1.5208347099677695
-1.78,4.97,1.5174843066917036
-1.77,4.97,1.5190891999188465
-1.76,4.97,1.5206940932762578
-1.76,4.96,1.517363611524746
-1.75,4.96,1.5189626132407545
-1.74,4.96,1.5205616149567631
-1.74,4.95,1.5172192434616782
-1.73,4.95,1.5188182451934193
-1.72,4.95,1.5204172468865864
-1.72,4.94,1.5170742525596344
-1.71,4.94,1.5186874460148148
-1.7,4.94,1.5203006394666545
-1.7,4.93,1.5169542832730005
-1.69,4.93,1.5185674767328832
-1.68,4.93,1.5201806701932838
-1.68,4.92,1.5168492557254543
-1.67,4.92,1.5184675384115867
-1.66,4.92,1.5200858210924715
-1.66,4.91,1.5167682527476816
-1.65,4.91,1.5183869211311047
-1.64,4.91,1.5200055895320355
-1.64,4.9,1.5166876022047764
-1.63,4.9,1.5183062706193289
-1.62,4.9,1.5199249390338816
-1.62,4.89,1.5165684605658707
-1.61,4.89,1.5181858086036328
-1.6,4.89,1.519803156639225
-1.59,4.89,1.5214205047515557
-1.59,4.88,1.5181013835755082
-1.58,4.88,1.5197187316897147
-1.57,4.88,1.5213185775587859
-1.57,4.87,1.518014046349263
-1.56,4.87,1.5196285002609269
-1.55,4.87,1.5212499203256895
-1.55,4.86,1.5179486632011518
-1.54,4.86,1.5195599266361515
-1.53,4.86,1.5211711900694058
-1.53,4.85,1.517869932939393
-1.52,4.85,1.5194811962594574
-1.51,4.85,1.5211500763261838
-1.51,4.84,1.5178557192553732
-1.5,4.84,1.5194722319256688
-1.49,4.84,1.5210887444140082
-1.49,4.83,1.5177943874065283
-1.48,4.83,1.5194108999343663
-1.47,4.83,1.5209956018530073
-1.47,4.82,1.5177167352286087
-1.46,4.82,1.5193154096645367
-1.45,4.82,1.5209140838619746
-1.45,4.81,1.517488876174431
-1.44,4.81,1.5190978241401745
-1.43,4.81,1.5207067720926737
-1.43,4.8,1.517367457899781
-1.42,4.8,1.518976405972839
-1.41,4.8,1.5206713529493379
-1.41,4.79,1.5173275982600771
-1.4,4.79,1.518970919422466
-1.39,4.79,1.5206142401674203
-1.39,4.78,1.5172704846787477
-1.38,4.78,1.5189138061981249
-1.37,4.78,1.5205334034094604
-1.37,4.77,1.5172024493086043
-1.36,4.77,1.5188290854736486
-1.35,4.77,1.520455720119315
-1.35,4.76,1.5170577435836283
-1.34,4.76,1.5186922153400435
-1.33,4.76,1.5203266873816537
-1.33,4.75,1.5169486448223668
-1.32,4.75,1.5185831136389858
-1.31,4.75,1.5202684773208128
-1.31,4.74,1.516887526004693
-1.3,4.74,1.5185428250455795
-1.29,4.74,1.520198124880595
-1.29,4.73,1.516817171750251
-1.28,4.73,1.5184724711798905
-1.27,4.73,1.5200882494021848
-1.27,4.72,1.5167110195185936
-1.26,4.72,1.5183861789470263
-1.25,4.72,1.5200613376105863
-1.25,4.71,1.5167705182948383
-1.24,4.71,1.5184416232709494
-1.23,4.71,1.5201127283958225
-1.23,4.7,1.5167587670335017
-1.22,4.7,1.5184298717077822
-1.21,4.7,1.5201300488361416
-1.21,4.69,1.5167935517206304
-1.2,4.69,1.5184421228009892
-1.19,4.69,1.5200906938823964
-1.19,4.68,1.5167541976802348
-1.18,4.68,1.5184027684939545
-1.17,4.68,1.5199819137235528
-1.17,4.67,1.516660259566363
-1.16,4.67,1.5183212783239612
-1.15,4.67,1.5199822971909218
-1.15,4.66,1.5167645930078109
-1.14,4.66,1.5184170276749571
-1.13,4.66,1.5200694623362565
-1.13,4.65,1.5167987609660414
-1.12,4.65,1.5184511956362337
-1.11,4.65,1.520192702606989
-1.11,4.64,1.5169453386404177
-1.1,4.64,1.51858302962991
-1.09,4.64,1.520220720735116
-1.09,4.63,1.5169733563998347
-1.08,4.63,1.5186110474692847
-1.07,4.63,1.5201969795988806
-1.07,4.62,1.5169698053109388
-1.06,4.62,1.5185920268816715
-1.05,4.62,1.520214248591531
-1.05,4.61,1.517022162348344
-1.04,4.61,1.5186359400342944
-1.03,4.61,1.520249717729385
-1.03,4.6,1.5170740247586727
-1.02,4.6,1.5186878024422676
-1.01,4.6,1.520348158682095
-1.01,4.59,1.51717643743942
-1.0,4.59,1.5187973019721364
-0.99,4.59,1.5204181665301164
-0.99,4.58,1.517246445404872
-0.98,4.58,1.5188673099090837
-0.97,4.58,1.5204739394654796
-0.97,4.57,1.5173113094745798
-0.96,4.57,1.5189182854751266
-0.95,4.57,1.5205252616749707
-0.95,4.56,1.5173548510513257
-0.94,4.56,1.5189608862357775
-0.93,4.56,1.5205669214182571
-0.93,4.55,1.517410252064588
-0.92,4.55,1.5190162872671644
-0.91,4.55,1.52060417434353
-0.91,4.54,1.517456767656641
-0.9,4.54,1.519040626875468
-0.89,4.54,1.5206244861069
-0.89,4.53,1.5174770794797454
-0.88,4.53,1.5190609386724725
-0.87,4.53,1.520684848955763
-0.87,4.52,1.5175130898417266
-0.86,4.52,1.5191327437729067
-0.85,4.52,1.520752398205081
-0.85,4.51,1.517627166830988
-0.84,4.51,1.5192462432288112
-0.83,4.51,1.5208653195766164
-0.83,4.5,1.517696255847684
-0.82,4.5,1.519315332363561
-0.81,4.5,1.5210262891790085
-0.81,4.49,1.5178597835461103
-0.8,4.49,1.5195022643674945
-0.79,4.49,1.5211447452677032
-0.79,4.48,1.5179782395173298
-0.78,4.48,1.5194912202201993
-0.77,4.48,1.5211692591027746
-0.77,4.47,1.5179664682603318
-0.76,4.47,1.5196445070880376
-0.75,4.47,1.5213225459031394
-0.75,4.46,1.5181145491293022
-0.74,4.46,1.5197918478446109
-0.74,4.45,1.5165905206488164
-0.73,4.45,1.5182678195134638
-0.72,4.45,1.5199451183781114
-0.72,4.44,1.5166706904837757
-0.71,4.44,1.5183813030295412
-0.7,4.44,1.5200919155753068
-0.7,4.43,1.5168662408569147
-0.69,4.43,1.518576853364745
-0.68,4.43,1.5202585996293145
-0.68,4.42,1.5169987122205113
-0.67,4.42,1.5187002361744697
-0.66,4.42,1.5204017599564112
-0.66,4.41,1.5171418727245216
-0.65,4.41,1.518963229585514
-0.64,4.41,1.5206876452951308
-0.64,4.4,1.5173671938065694
-0.63,4.4,1.5190916094901297
-0.62,4.4,1.5208160251811877
-0.62,4.39,1.5175484836015065
-0.61,4.39,1.5192871430775845
-0.6,4.39,1.5210258025573842
-0.6,4.38,1.5176896943023228
-0.59,4.38,1.5194283537643702
-0.58,4.38,1.5211586065656173
-0.58,4.37,1.5178366207014442
-0.57,4.37,1.5195729178258603
-0.56,4.37,1.5213092148697827
-0.56,4.36,1.5179835921491296
-0.55,4.36,1.5197408031979147
-0.54,4.36,1.5214980142967756
-0.54,4.35,1.518161226022126
-0.53,4.35,1.5199184370883008
-0.53,4.34,1.5165816488722863
-0.52,4.34,1.5183388599544556
-0.51,4.34,1.5200901306477055
-0.51,4.33,1.5167541085985046
-0.5,4.33,1.5185196859552796
-0.49,4.33,1.5202852633126573
-0.49,4.32,1.516953742605635
-0.48,4.32,1.518719769136069
-0.47,4.32,1.5204857956675566
-0.47,4.31,1.5171469937485687
-0.46,4.31,1.518911770396458
-0.45,4.31,1.5206765551220869
-0.45,4.3,1.5173383338516817
-0.44,4.3,1.5191031185765154
-0.43,4.3,1.5208679033096382
-0.43,4.29,1.5175296820303896
-0.42,4.29,1.5192944667540527
-0.41,4.29,1.5210591960748507
-0.41,4.28,1.5177209825103057
-0.4,4.28,1.5194858379182972
-0.39,4.28,1.521250693327972
-0.39,4.27,1.51790764430568
-0.38,4.27,1.5196729691577535
-0.37,4.27,1.521438293956453
-0.37,4.26,1.5180973197253
-0.36,4.26,1.5198637600003289
-0.36,4.25,1.5165233412518262
-0.35,4.25,1.5182881792657807
-0.34,4.25,1.5200530172883788
-0.34,4.24,1.5167125985211372
-0.33,4.24,1.5184774365425198
-0.32,4.24,1.5202422745453827
-0.32,4.23,1.5169100823810526
-0.31,4.23,1.518678458090398
-0.3,4.23,1.5204468338006123
-0.3,4.22,1.5171028227550738
-0.29,4.22,1.5188810458932238
-0.28,4.22,1.520647938794253
-0.28,4.21,1.5173127354902622
-0.27,4.21,1.5190796283794867
-0.26,4.21,1.5208532294752692
-0.26,4.2,1.517514515944304
-0.25,4.2,1.5192886400637315
-0.24,4.2,1.5210627641694514
-0.24,4.19,1.5177240506207441
-0.23,4.19,1.5194981747236966
-0.22,4.19,1.521272298807354
-0.22,4.18,1.5179456287290531
-0.21,4.18,1.5197320513623778
-0.2,4.18,1.5215184740404109
-0.2,4.17,1.5181719460901548
-0.19,4.17,1.519970122065074
-0.19,4.16,1.5166519632687232
-0.18,4.16,1.5184336552603768
-0.17,4.16,1.5202153472608815
-0.17,4.15,1.5168928140248945
-0.16,4.15,1.518689517131041
-0.15,4.15,1.5204862202785625
-0.15,4.14,1.5171614393202537
-0.14,4.14,1.518958142394064
-0.13,4.14,1.5207548455221185
-0.13,4.13,1.517430064477457
-0.12,4.13,1.5191454595440685
-0.11,4.13,1.5209038812163453
-0.11,4.12,1.5176157197180218
-0.1,4.12,1.5193741415068616
-0.09,4.12,1.5211704684470375
-0.09,4.11,1.517940394442772
-0.08,4.11,1.519689105797545
-0.07,4.11,1.5214378171522946
-0.07,4.1,1.5182252675220302
-0.06,4.1,1.5199431092622049
-0.06,4.09,1.5167281246886632
-0.05,4.09,1.51844596666572
-0.04,4.09,1.5201638079478774
-0.04,4.08,1.516948823635099
-0.03,4.08,1.5187416660105595
-0.02,4.08,1.5204415072315345
-0.02,4.07,1.5172531492241814
-0.01,4.07,1.5189529905468926
0.0,4.07,1.5206528318274437
0.0,4.06,1.5174032224755307
0.01,4.06,1.5190949706418233
0.02,4.06,1.5207867188010373
0.02,4.05,1.5176183125534481
0.03,4.05,1.51931006071595
0.04,4.05,1.5211045165580632
0.04,4.04,1.5179354884411818
0.05,4.04,1.5196267105014898
0.06,4.04,1.5213179326565591
0.06,4.03,1.518148904543267
0.07,4.03,1.5198446983355551
0.07,4.02,1.516695597227206
0.08,4.02,1.5183959651880106
0.09,4.02,1.5200963331630877
0.09,4.01,1.5169472320337158
0.1,4.01,1.5186756300492312
0.11,4.01,1.5203837528882678
0.11,4.0,1.5172436943392966
0.12,4.0,1.5189518166450833
0.13,4.0,1.520659939077275
0.13,3.99,1.5175367555939123
0.14,3.99,1.5192790940593401
0.15,3.99,1.5210214324247469
0.15,3.98,1.517868207850558
0.16,3.98,1.5196105464262493
0.17,3.98,1.5213613834270716
0.17,3.97,1.5181213512836542
0.18,3.97,1.519878229829854
0.18,3.96,1.516638198076545
0.19,3.96,1.518332373416695
0.2,3.96,1.5200971931781697
0.2,3.95,1.5168390036946011
0.21,3.95,1.518603823399649
0.22,3.95,1.520368643202647
0.22,3.94,1.5171104537225468
0.23,3.94,1.5188752734205866
0.24,3.94,1.5209381393018666
0.24,3.93,1.5176108901013143
0.25,3.93,1.519438861788918
0.26,3.93,1.5212668333755834
0.26,3.92,1.5180806491574792
0.27,3.92,1.51989877791538
0.27,3.91,1.5166298688849107
0.28,3.91,1.518447997602876
0.29,3.91,1.5201874395356394
0.29,3.9,1.5168718375981678
0.3,3.9,1.5187350489528888
0.31,3.9,1.520598260306134
0.31,3.89,1.517282658308698
0.32,3.89,1.5191458697563198
0.33,3.89,1.5210090811755328
0.33,3.88,1.5175999616348963
0.34,3.88,1.5194501212984186
0.35,3.88,1.5213002802071944
0.35,3.87,1.518015654315299
0.36,3.87,1.5198117243827363
0.36,3.86,1.5165273460333308
0.37,3.86,1.5183775056129984
0.38,3.86,1.5202276655813023
0.38,3.85,1.5169726571342264
0.39,3.85,1.5188007028268307
0.4,3.85,1.5206287485193808
0.4,3.84,1.5173581254060944
0.41,3.84,1.5191861709630352
0.42,3.84,1.5210142166213008
0.42,3.83,1.5180436479016453
0.43,3.83,1.5197986133515808
0.43,3.82,1.5166321307393882
0.44,3.82,1.5183870960454942
0.45,3.82,1.5201420615927885
0.45,3.81,1.5170090399480303
0.46,3.81,1.5187840847291016
0.47,3.81,1.5205591294036243
0.47,3.8,1.5174429530002107
0.48,3.8,1.5192179976991185
0.49,3.8,1.5210642643361991
0.49,3.79,1.5178961794440131
0.5,3.79,1.519740866765049
0.5,3.78,1.5165727819077803
0.51,3.78,1.5184174692005241
0.52,3.78,1.5201860708283885
0.52,3.77,1.5170005758102787
0.53,3.77,1.518858274108039
0.54,3.77,1.5207159725267392
0.54,3.76,1.5175304773310865
0.55,3.76,1.5192816670658182
0.56,3.76,1.5211168509214077
0.56,3.75,1.517965006172634
0.57,3.75,1.5198001903025504
0.57,3.74,1.5166483454226651
0.58,3.74,1.518483529487691
0.59,3.74,1.520327619410475
0.59,3.73,1.5171744047448121
0.6,3.73,1.5189974797380903
0.61,3.73,1.5208205546378197
0.61,3.72,1.5176958801288216
0.62,3.72,1.5195354750726677
0.63,3.72,1.5213750701296385
0.63,3.71,1.5181226187250931
0.64,3.71,1.519969724233967
0.64,3.7,1.5167151951114861
0.65,3.7,1.5185600496971845
0.66,3.7,1.5204049042502055
0.66,3.69,1.517150375164753
0.67,3.69,1.5189952297446072
0.68,3.69,1.520840084308249
0.68,3.68,1.5175891763458345
0.69,3.68,1.51944066809393
0.7,3.68,1.5212921598436253
0.7,3.67,1.5180343307771125
0.71,3.67,1.519889851515018
0.71,3.66,1.516640942380448
0.72,3.66,1.5184909492282945
0.73,3.66,1.520340956071372
0.73,3.65,1.5170833959974654
0.74,3.65,1.5189407784274722
0.75,3.65,1.52079816085856
0.75,3.64,1.5175448241927687
0.76,3.64,1.5194022066441102
0.77,3.64,1.5212595890903606
0.77,3.63,1.518008316664622
0.78,3.63,1.5198665729901315
0.78,3.62,1.5166167733128693
0.79,3.62,1.5184750296463054
0.8,3.62,1.5203332859732848
0.8,3.61,1.5170394565311012
0.81,3.61,1.518887888888388
0.82,3.61,1.5207363209635278
0.82,3.6,1.5174850818193362
0.83,3.6,1.5193335140221849
0.84,3.6,1.5211907155303424
0.84,3.59,1.5179433648568739
0.85,3.59,1.519786414387188
0.85,3.58,1.5165390636646818
0.86,3.58,1.5183821132294029
0.87,3.58,1.5202393490802812
0.87,3.57,1.5169944188067022
0.88,3.57,1.5188345927131959
0.89,3.57,1.520674766639371
0.89,3.56,1.5174298362547414
0.9,3.56,1.5193114460107686
0.91,3.56,1.5211614557001791
0.91,3.55,1.5179150266568355
0.92,3.55,1.5197650363504127
0.92,3.54,1.5165186069274854
0.93,3.54,1.5183686166210628
0.94,3.54,1.520280516490684
0.94,3.53,1.517019659140507
0.95,3.53,1.5188883555605284
0.96,3.53,1.5207570517778097
0.96,3.52,1.517547615451401
0.97,3.52,1.5193998407769498
0.98,3.52,1.521252066346642
0.98,3.51,1.5180902602384794
0.99,3.51,1.519950347577299
0.99,3.5,1.5167652356135428
1.0,3.5,1.5186534636106717
1.01,3.5,1.5205416915998073
1.01,3.49,1.5173565795626462
1.02,3.49,1.5192448076532434
1.03,3.49,1.521133035638313
1.03,3.48,1.5179345284202062
1.04,3.48,1.5198298200487548
1.04,3.47,1.5166461307511865
1.05,3.47,1.518541422406583
1.06,3.47,1.520366847548864
1.06,3.46,1.5171783532740712
1.07,3.46,1.5190743474510289
1.08,3.46,1.5209703416534706
1.08,3.45,1.5177765744834892
1.09,3.45,1.5196607400348277
1.09,3.44,1.5164761673587108
1.1,3.44,1.518360332954244
1.11,3.44,1.5202444985272145
1.11,3.43,1.5170599259530082
1.12,3.43,1.5189205087931823
1.13,3.43,1.5208021138043089
1.13,3.42,1.5175928622794057
1.14,3.42,1.5194744672851295
1.15,3.42,1.5213560723134298
1.15,3.41,1.518184323305459
1.16,3.41,1.5200680693558208
1.16,3.4,1.5168333961098697
1.17,3.4,1.5187171421560683
1.18,3.4,1.5206008882071989
1.18,3.39,1.5173657529639306
1.19,3.39,1.5192586813306581
1.2,3.39,1.5211516096973858
1.2,3.38,1.5179100385448518
1.21,3.38,1.519802966905275
1.21,3.37,1.5165685438813437
1.22,3.37,1.518463938100737
1.23,3.37,1.520359332330352
1.23,3.36,1.517123791577176
1.24,3.36,1.5190191858012483
1.25,3.36,1.5209178934490328
1.25,3.35,1.5176890106779897
1.26,3.35,1.5195857683999614
1.27,3.35,1.5214825261408929
1.27,3.34,1.5182536433720508
1.28,3.34,1.5201504011031686
1.28,3.33,1.5169273145554625
1.29,3.33,1.5188318101039224
1.3,3.33,1.5207363056455616
1.3,3.32,1.5175032505294386
1.31,3.32,1.5193270714285019
1.32,3.32,1.5212450027851359
1.32,3.31,1.5179304974459664
1.33,3.31,1.5198484288222684
1.33,3.3,1.5165043636498872
1.34,3.3,1.5184118736700998
1.35,3.3,1.5203193836903126
1.35,3.29,1.5170041500307678
1.36,3.29,1.5189116600720447
1.37,3.29,1.52081917010814
1.37,3.28,1.5175814427081422
1.38,3.28,1.5194708167836695
1.39,3.28,1.5213601909911247
1.39,3.27,1.5180731986764986
1.4,3.27,1.5199625727417319
1.4,3.26,1.5167387364590044
1.41,3.26,1.5186376400847652
1.42,3.26,1.5205365441777303
1.42,3.25,1.5172323022150436
1.43,3.25,1.5191312060947855
1.44,3.25,1.5210581340155218
1.44,3.24,1.51773899832982
1.45,3.24,1.5196577876740838
1.46,3.24,1.521576576897798
1.46,3.23,1.5182574413575372
1.47,3.23,1.5202023637206221
1.47,3.22,1.516910704919281
1.48,3.22,1.5188382315929791
1.49,3.22,1.520765758295672
1.49,3.21,1.5174740993451137
1.5,3.21,1.5193040308027144
1.51,3.21,1.5212141206803396
1.51,3.2,1.51799339723833
1.52,3.2,1.5199034871143189
1.52,3.19,1.5166827636769364
1.53,3.19,1.5185928535460103
1.54,3.19,1.5205156899919852
1.54,3.18,1.5172920355460442
1.55,3.18,1.519206325392338
1.56,3.18,1.5211206152393335
1.56,3.17,1.5179036914104866
1.57,3.17,1.5198162979151397
1.57,3.16,1.5166028182755587
1.58,3.16,1.518515424775478
1.59,3.16,1.5204342634650434
1.59,3.15,1.5172175260122254
1.6,3.15,1.519136568991413
1.61,3.15,1.5210556119710508
1.61,3.14,1.517838874523661
1.62,3.14,1.5197579175038585
1.62,3.13,1.5165382325693872
1.63,3.13,1.5184598706177184
1.64,3.13,1.520381508645881
1.64,3.12,1.5171672946446342
1.65,3.12,1.519088932677468
1.66,3.12,1.5210115868484428
1.66,3.11,1.5178005925224816
1.67,3.11,1.519723512008528
1.67,3.1,1.5165125176847516
1.68,3.1,1.5184354371719997
1.69,3.1,1.5203678984153444
1.69,3.09,1.5171523099864828
1.7,3.09,1.5190813553603615
1.71,3.09,1.521010400721095
1.71,3.08,1.517794812310271
1.72,3.08,1.519724111611084
1.72,3.07,1.516510913201624
1.73,3.07,1.5184413960465324
1.74,3.07,1.5203718788994434
1.74,3.06,1.517158680492516
1.75,3.06,1.51909326431168
1.76,3.06,1.5210247866137059
1.76,3.05,1.517812553847904
1.77,3.05,1.519744076174128
1.77,3.04,1.5165318433843804
1.78,3.04,1.5184633656951223
1.79,3.04,1.5203995645702106
1.79,3.03,1.5171862321700198
1.8,3.03,1.5191205922803204
1.81,3.03,1.5210549523845933
1.81,3.02,1.517844348937936
1.82,3.02,1.5197774310292782
1.82,3.01,1.5165717765520639
1.83,3.01,1.5185048586339844
1.84,3.01,1.5204430455433195
1.84,3.0,1.5172361193257702
1.85,3.0,1.519172468862949
1.86,3.0,1.521108818398309
1.86,2.99,1.5179018921828975
1.87,2.99,1.5198382417168652
1.87,2.98,1.5166339513485538
1.88,2.98,1.5185709074045908
1.89,2.98,1.520507863455384
1.89,2.97,1.5173041351090364
1.9,2.97,1.519241091165895
1.91,2.97,1.5211826161806679
1.91,2.96,1.5179821610375317
1.92,2.96,1.5199209861500274
1.92,2.95,1.5167205309782488
1.93,2.95,1.5186593560685
1.94,2.95,1.520611079088898
1.94,2.94,1.5174042286972806
1.95,2.94,1.5193515844052219
1.96,2.94,1.5212989401248678
1.96,2.93,1.5180920897185177
1.97,2.93,1.52004257070204
1.97,2.92,1.5168400720228963
1.98,2.92,1.5187893053670505
1.99,2.92,1.520738538728661
1.99,2.91,1.5175360400277054
2.0,2.91,1.519591015201034
2.01,2.91,1.5215652193975924
2.01,2.9,1.518365758693054
2.02,2.9,1.5203399625574379
2.02,2.89,1.5171405024058369
2.03,2.89,1.5191147061598378
2.04,2.89,1.5211242438836203
2.04,2.88,1.5179165859951533
2.05,2.88,1.519912103036869
2.05,2.87,1.51670444522213
2.06,2.87,1.5186932034013356
2.07,2.87,1.5206824672565968
2.07,2.86,1.5175117711011885
2.08,2.86,1.5195010350337956
2.09,2.86,1.5215973561593263
2.09,2.85,1.5184052057291122
2.1,2.85,1.5204552867796433
2.1,2.84,1.5172631367663163
2.11,2.84,1.5193132176771864
2.12,2.84,1.5213632986062242
2.12,2.83,1.518195513313405
2.13,2.83,1.520257480661129
2.13,2.82,1.5171054573033471
2.14,2.82,1.5191674248518838
2.15,2.82,1.5212293929439404
2.15,2.81,1.5179988200402366
2.16,2.81,1.5200472657829645
2.16,2.8,1.5169086118049728
2.17,2.8,1.5189570576549953
2.18,2.8,1.521005503219981
2.18,2.79,1.517759155273339
2.19,2.79,1.5196203664198888
2.19,2.78,1.5166226528075568
2.2,2.78,1.5184838637144331
2.21,2.78,1.5203450750732075
2.21,2.77,1.5171431157129764
2.22,2.77,1.5189867627217226
2.23,2.77,1.5208304099642616
2.23,2.76,1.5177441495854178
2.24,2.76,1.5195877968998537
2.24,2.75,1.516519541616061
2.25,2.75,1.518387515028559
2.26,2.75,1.5202554884410573
2.26,2.74,1.5170832079876253
2.27,2.74,1.5189511809149001
2.28,2.74,1.5208191533803794
2.28,2.73,1.5178635532917433
2.29,2.73,1.5197262012277104
2.29,2.72,1.5164949386593785
2.3,2.72,1.5183575893790004
2.31,2.72,1.520309441992345
2.31,2.71,1.51717124911014
2.32,2.71,1.519018724104466
2.33,2.71,1.5208661986747902
2.33,2.7,1.5177096225954636
2.34,2.7,1.5196183383565254
2.35,2.7,1.5215270557342788
2.35,2.69,1.5183596597297568
2.36,2.69,1.5202683746782397
2.36,2.68,1.5171009803001634
2.37,2.68,1.5188512939697114
2.38,2.68,1.5208314180916918
2.38,2.67,1.517666325090807
2.39,2.67,1.5196464492137571
2.39,2.66,1.5164813562153605
2.4,2.66,1.5184531880560526
2.41,2.66,1.5204315937983526
2.41,2.65,1.5172662144237001
2.42,2.65,1.5192446201781138
2.43,2.65,1.521223025929209
2.43,2.64,1.5180669238261713
2.44,2.64,1.5200552874673843
2.44,2.63,1.516882411900153
2.45,2.63,1.5188707755465019
2.46,2.63,1.5208591391823956
2.46,2.62,1.517696850970577
2.47,2.62,1.5196860386725857
2.47,2.61,1.5165175686986874
2.48,2.61,1.5185067564904713
2.49,2.61,1.5204959442352033
2.49,2.6,1.5173239476207478
2.5,2.6,1.5193116628273338
2.51,2.6,1.5212993780339197
2.51,2.59,1.5181327520342403
2.52,2.59,1.5201204672722712
2.52,2.58,1.5169515283643844
2.53,2.58,1.518941059184069
2.54,2.58,1.5209305900248404
2.54,2.57,1.5177653001191467
2.55,2.57,1.5197548309206876
2.55,2.56,1.5165830928655153
2.56,2.56,1.5185715947214284
2.57,2.56,1.5205600965828503
2.57,2.55,1.517396353836114
2.58,2.55,1.519384855694882
2.59,2.55,1.5213642739959155
2.59,2.54,1.5182015684034895
2.6,2.54,1.5201887047408782
2.6,2.53,1.5170259991131774
2.61,2.53,1.5190131354562642
2.62,2.53,1.5210145792870522
2.62,2.52,1.517852610472771
2.63,2.52,1.5198355090175002
2.63,2.51,1.5166735402151494
2.64,2.51,1.518656438783931
2.65,2.51,1.5206997755590406
2.65,2.5,1.5175432945189755
2.66,2.5,1.519540419739898
2.67,2.5,1.521537545169116
2.67,2.49,1.518386637282248
2.68,2.49,1.5203846834837784
2.68,2.48,1.5172513153956217
2.69,2.48,1.5192493617119172
2.7,2.48,1.5212474080404224
2.7,2.47,1.518114039871973
2.71,2.47,1.5200835151388399
2.71,2.46,1.5169646611294016
2.72,2.46,1.5189623461234125
2.73,2.46,1.520960031209238
2.73,2.45,1.5178189446003887
2.74,2.45,1.5198225588646188
2.74,2.44,1.516699289356477
2.75,2.44,1.5187029036068267
2.76,2.44,1.5207065178854853
2.76,2.43,1.517583248399231
2.77,2.43,1.5195671999546385
2.77,2.42,1.5164388755852243
2.78,2.42,1.5184453676607326
2.79,2.42,1.5204518599051444
2.79,2.41,1.517323535439106
2.8,2.41,1.5193218543799758
2.81,2.41,1.5213260822792243
2.81,2.4,1.518190498913047
2.82,2.4,1.520194726768457
2.82,2.39,1.517059143350815
2.83,2.39,1.5190633712655834
2.84,2.39,1.5210690995043203
2.84,2.38,1.5179333654216718
2.85,2.38,1.5199235605853307
2.85,2.37,1.5167878265084707
2.86,2.37,1.5187765507824063
2.87,2.37,1.5207659443602033
2.87,2.36,1.5176348882073578
2.88,2.36,1.519624281782412
2.88,2.35,1.5164930205864793
2.89,2.35,1.51848230314608
2.9,2.35,1.5204715857028503
2.9,2.34,1.5173405421174904
2.91,2.34,1.5193298246855966
2.92,2.34,1.521319107247876
2.92,2.33,1.518191282270461
2.93,2.33,1.520180022983718
2.93,2.32,1.5170504816079673
2.94,2.32,1.519039222321242
2.95,2.32,1.5210279630326553
2.95,2.31,1.51790114988284
2.96,2.31,1.5198905386969943
2.96,2.3,1.5167617146302317
2.97,2.3,1.5187511034401147
2.98,2.3,1.520740492252573
2.98,2.29,1.5176115793147167
2.99,2.29,1.5196012898610964
2.99,2.28,1.5164722245287612
3.0,2.28,1.518461935064349
3.01,2.28,1.5204516456102546
3.01,2.27,1.5173254498725393
3.02,2.27,1.5193158471651216
3.03,2.27,1.5213062444554628
3.03,2.26,1.5181789003614443
3.04,2.26,1.5201692976472323
3.04,2.25,1.5170462235858455
3.05,2.25,1.519037257153351
3.06,2.25,1.5210282907237822
3.06,2.24,1.5179036564169435
3.07,2.24,1.5198946899874162
3.07,2.23,1.5167736407230252
3.08,2.23,1.5187647480814643
3.09,2.23,1.5207558554380574
3.09,2.22,1.517633982875095
3.1,2.22,1.519625090232116
3.1,2.21,1.5165066324180374
3.11,2.21,1.5184987908850844
3.12,2.21,1.5204909493506968
3.12,2.2,1.5173716123856877
3.13,2.2,1.5193637708589718
3.14,2.2,1.5212503692942132
3.14,2.19,1.5181629865985582
3.15,2.19,1.520112516434672
3.15,2.18,1.5170251337703373
3.16,2.18,1.5189746635928105
3.17,2.18,1.5209028554188035
3.17,2.17,1.5177980940780116
3.18,2.17,1.5197415020423792
3.18,2.16,1.516636740764159
3.19,2.16,1.5185801487582884
3.2,2.16,1.520565574131532
3.2,2.15,1.5174483959239815
3.21,2.15,1.5194007848717708
3.22,2.15,1.5213531738194823
3.22,2.14,1.518235995643575
3.23,2.14,1.5201883845172826
3.23,2.13,1.5171263520073972
3.24,2.13,1.5190924281390745
3.25,2.13,1.5210585043243683
3.25,2.12,1.5179221730038193
3.26,2.12,1.5199205693590327
3.26,2.11,1.5168175861983544
3.27,2.11,1.5187782596325037
3.28,2.11,1.5207389330859635
3.28,2.1,1.5176386705767115
3.29,2.1,1.519621236752182
3.29,2.09,1.5165092319440554
3.3,2.09,1.5184917981889823
3.31,2.09,1.5204743644339094
3.31,2.08,1.5173623596212003
3.32,2.08,1.5192942818017499
3.33,2.08,1.5213024550691645
3.33,2.07,1.5181941420025171
3.34,2.07,1.520202315252078
3.34,2.06,1.5170940021759731
3.35,2.06,1.5191068194206536
3.36,2.06,1.521116358483396
3.36,2.05,1.518011225881611
3.37,2.05,1.5200207649363637
3.37,2.04,1.5169156323495288
3.38,2.04,1.5189251713934473
3.39,2.04,1.5209305960294803
3.39,2.03,1.517823358797175
3.4,2.03,1.5198356936297148
3.4,2.02,1.5167284564263372
3.41,2.02,1.5187459916387671
3.42,2.02,1.5207591504239932
3.42,2.01,1.5176544777795846
3.43,2.01,1.5196676365424597
3.43,2.0,1.5165629638752676
3.44,2.0,1.5185761226529615
3.45,2.0,1.5205885288542775
3.45,1.99,1.5174868640249182
3.46,1.99,1.5194993037442233
3.47,1.99,1.5215117434650145
3.47,1.98,1.5184186285859869
3.48,1.98,1.5204296818918563
3.48,1.97,1.5173320456097568
3.49,1.97,1.519343098925775
3.5,1.97,1.5213541522390677
3.5,1.96,1.5182572216139198
3.51,1.96,1.5202689218952439
3.51,1.95,1.5171748592054208
3.52,1.95,1.5191865594735923
3.53,1.95,1.5211982597445308
3.53,1.94,1.5181068005267528
3.54,1.94,1.5201183268722263
3.54,1.93,1.5170243990176413
3.55,1.93,1.5190359253592995
3.56,1.93,1.521047451700283
3.56,1.92,1.517958532357942
3.57,1.92,1.5199714658682306
3.57,1.91,1.5168807128885347
3.58,1.91,1.5188936463802563
3.59,1.91,1.5209065798875183
3.59,1.9,1.5178152145778592
3.6,1.9,1.5198271151153722
3.6,1.89,1.5167399628286038
3.61,1.89,1.518751863370745
3.62,1.89,1.5207637639119949
3.62,1.88,1.5176820300476468
3.63,1.88,1.5196937517251372
3.63,1.87,1.516610237273472
3.64,1.87,1.5186219589519496
3.65,1.87,1.5206336806452754
3.65,1.86,1.5175487119937219
3.66,1.86,1.5195604999356456
3.66,1.85,1.5164794545810754
3.67,1.85,1.5184912425213253
3.68,1.85,1.5205030304574896
3.68,1.84,1.5174248976780795
3.69,1.84,1.5194367022237278
3.7,1.84,1.521448506769376
3.7,1.83,1.518367455187897
3.71,1.83,1.5203792597281822
3.71,1.82,1.51730466326588
3.72,1.82,1.519317065374108
3.73,1.82,1.52132946749536
3.73,1.81,1.518251074836501
3.74,1.81,1.520263476966038
3.74,1.8,1.5171877661584907
3.75,1.8,1.5191999664080873
3.76,1.8,1.5212121666679146
3.76,1.79,1.5181379129340362
3.77,1.79,1.5201501131904163
3.77,1.78,1.5170801202970332
3.78,1.78,1.5190926090752868
3.79,1.78,1.5211050978523455
3.79,1.77,1.5180343585444782
3.8,1.77,1.5200468473161317
3.8,1.76,1.5169780638860064
3.81,1.76,1.5189913255500167
3.82,1.76,1.5210045872207472
3.82,1.75,1.5179367120823766
3.83,1.75,1.5199499737519784
3.83,1.74,1.5168803000347377
3.84,1.74,1.5188961844653557
3.85,1.74,1.5209120688959736
3.85,1.73,1.5178422233233237
3.86,1.73,1.5198581077540023
3.86,1.72,1.5167938779079486
3.87,1.72,1.5188104565320135
3.88,1.72,1.5208270351415814
3.88,1.71,1.5177596964964788
3.89,1.71,1.5197762751071235
3.89,1.7,1.516710857052709
3.9,1.7,1.5187270588405988
3.91,1.7,1.520743260634207
3.91,1.69,1.5176798415834605
3.92,1.69,1.5196960433879074
3.92,1.68,1.5166371958445173
3.93,1.68,1.5186533434253495
3.94,1.68,1.5206694909961098
3.94,1.67,1.5176092691149932
3.95,1.67,1.5196254166866792
3.95,1.66,1.5165661381949478
3.96,1.66,1.5185828262915948
3.97,1.66,1.5205995143693052
3.97,1.65,1.5175419179318002
3.98,1.65,1.519558606020956
3.98,1.64,1.516500105096346
3.99,1.64,1.5185169692510998
4.0,1.64,1.5205338334094782
4.0,1.63,1.517476102400483
4.01,1.63,1.519492966562239
4.02,1.63,1.5215152861784844
4.02,1.62,1.5184607575921831
4.03,1.62,1.5204783044024266
4.03,1.61,1.5174237758102302
4.04,1.61,1.5194413226292625
4.05,1.61,1.5214572178410337
4.05,1.6,1.5184069278649468
4.06,1.6,1.5204242709580804
4.06,1.59,1.517373980993122
4.07,1.59,1.5193913240900965
4.08,1.59,1.5214122571387043
4.08,1.58,1.5183683337677427
4.09,1.58,1.5203847454047694
4.09,1.57,1.5173408220281637
4.1,1.57,1.5193572336891163
4.11,1.57,1.5213702954338444
4.11,1.56,1.518331203516906
4.12,1.56,1.5203484036634838
4.12,1.55,1.517309311769238
4.13,1.55,1.5193265119274035
4.14,1.55,1.5213157362930705
4.14,1.54,1.5182850048622727
4.15,1.54,1.5202910139378478
4.15,1.53,1.5172602825236758
4.16,1.53,1.5192662915837123
4.17,1.53,1.5212930851581643
4.17,1.52,1.5182708442862722
4.18,1.52,1.520276402005428
4.18,1.51,1.5172541611143116
4.19,1.51,1.5192597188334624
4.2,1.51,1.5212500674752654
4.2,1.5,1.5182403421229789
4.21,1.5,1.5202429610268204
4.21,1.49,1.5172332357133238
4.22,1.49,1.5192358546149862
4.23,1.49,1.5212553317739164
4.23,1.48,1.5182685103159042
4.24,1.48,1.5202643519428367
4.24,1.47,1.5172775304844115
4.25,1.47,1.5192733720947644
4.26,1.47,1.5212179121908953
4.26,1.46,1.518243575241157
4.27,1.46,1.5202346055918554
4.27,1.45,1.517260268677151
4.28,1.45,1.5192512990553455
4.29,1.45,1.521368701488586
4.29,1.44,1.5183635269628104
4.3,1.44,1.5203959547122723
4.3,1.43,1.5173907801931974
4.31,1.43,1.519423207927489
4.32,1.43,1.5214412916215734
4.32,1.42,1.5184410426677837
4.33,1.42,1.5204827748089196
4.33,1.41,1.5174825258184297
4.34,1.41,1.519524257970975
4.34,1.4,1.5165972728746389
4.35,1.4,1.5186597003047189
4.36,1.4,1.5207221276821825
4.36,1.39,1.5177243789907149
4.37,1.39,1.5197868063627071
4.37,1.38,1.5168048817006399
4.38,1.38,1.5188764383264464
4.39,1.38,1.5209479947930515
4.39,1.37,1.517975388302566
4.4,1.37,1.5200469448497869
4.4,1.36,1.5170269113434274
4.41,1.36,1.51909056865553
4.42,1.36,1.5211542259238882
4.42,1.35,1.5181901425248125
4.43,1.35,1.5202537997691532
4.43,1.34,1.5172081918186804
4.44,1.34,1.5192693506325188
4.45,1.34,1.5213305094463574
4.45,1.33,1.5183679995530324
4.46,1.33,1.520429158366871
4.46,1.32,1.5174526257986487
4.47,1.32,1.5194983164875266
4.47,1.31,1.5165139990467849
4.48,1.31,1.5185596901545102
4.49,1.31,1.5206053810769098
4.49,1.3,1.5175908043010686
4.5,1.3,1.519629772185259
4.5,1.29,1.5166368937732793
4.51,1.29,1.518675861319741
4.52,1.29,1.5207148290813266
4.52,1.28,1.5177801094083407
4.53,1.28,1.519790754793068
4.53,1.27,1.516796374843485
4.54,1.27,1.518807020227868
4.55,1.27,1.5208176656137815
4.55,1.26,1.5178313049616485
4.56,1.26,1.5198433912553608
4.56,1.25,1.5168483675641837
4.57,1.25,1.5188604538630641
4.58,1.25,1.520872540173225
4.58,1.24,1.5178691243833347
4.59,1.24,1.5198896817735013
4.59,1.23,1.516888277982301
4.6,1.23,1.518908835375385
4.61,1.23,1.52092939276326
4.61,1.22,1.5179344847024718
4.62,1.22,1.5199552178440818
4.62,1.21,1.516955978828568
4.63,1.21,1.5189767119781323
4.64,1.21,1.5209974451208752
4.64,1.2,1.5179991429504818
4.65,1.2,1.5200193837315947
4.65,1.19,1.5170233069938244
4.66,1.19,1.5190435477818784
4.67,1.19,1.5210637885699323
4.67,1.18,1.5180718035484027
4.68,1.18,1.5200920329290049
4.68,1.17,1.517098848493939
4.69,1.17,1.5191190778760038
4.7,1.17,1.5211393072457287
4.7,1.16,1.5181452949575331
4.71,1.16,1.5201656699482147
4.71,1.15,1.517174752639961
4.72,1.15,1.5191951276265578
4.73,1.15,1.5212155026143406
4.73,1.14,1.5182237240375422
4.74,1.14,1.5202420474584089
4.74,1.13,1.5172526639174657
4.75,1.13,1.519270987341604
4.76,1.13,1.5212893107657421
4.76,1.12,1.5183067746098862
4.77,1.12,1.5203251339872867
4.77,1.11,1.517337863501155
4.78,1.11,1.5193562228740016
4.79,1.11,1.521374582252557
4.79,1.1,1.518385365714383
4.8,1.1,1.5204023301484584
4.8,1.09,1.5174184912692088
4.81,1.09,1.5194354557129635
4.82,1.09,1.5214524201513178
4.82,1.08,1.518476655925575
4.83,1.08,1.520492434297485
4.83,1.07,1.5175125426090512
4.84,1.07,1.5195283209708474
4.84,1.06,1.5165484292735305
4.85,1.06,1.5185612217205064
4.86,1.06,1.5205767525214415
4.86,1.05,1.5175992537691065
4.87,1.05,1.5196147845669765
4.87,1.04,1.51663728581644
4.88,1.04,1.518652816615032
4.89,1.04,1.5206688411096647
4.89,1.03,1.5176931719548015
4.9,1.03,1.5197062771894438
4.9,1.02,1.5167306080448772
4.91,1.02,1.5187493893351256
4.92,1.02,1.5207627524970764
4.92,1.01,1.517789093521734
4.93,1.01,1.51980245668825
4.93,1.0,1.5168287977113932
4.94,1.0,1.5188421608684437
4.95,1.0,1.5208563369676202
4.95,0.99,1.5178865065324865
4.96,0.99,1.5198993342871248
4.96,0.98,1.5169295038440251
4.97,0.98,1.5189432230537108
4.98,0.98,1.5209562870227655
4.98,0.97,1.5179874461724026
4.99,0.97,1.5200005101309135
4.99,0.96,1.5170316692741503
5.0,0.96,1.5191175654402176
5.01,0.96,1.5211457768149548
