U_Ga-4p,U_As-4p,a(A),Eg(eV),meff
-5.0,6.35,5.712051880582752,1.522234389480962,0.07133741767109497
-4.95,6.35,5.710693589269321,1.5285145277462096,0.07159110566418682
-4.95,6.3,5.711983474100949,1.5116125779212555,0.07093511417159996
-4.9,6.3,5.710617757779513,1.5179263811078385,0.07119081471449396
-4.85,6.3,5.709308625032828,1.524020748354285,0.07143801967332149
-4.8,6.3,5.707931258678903,1.5303926933153589,0.07169565270399506
-4.8,6.25,5.7092241477661405,1.513490985848172,0.07104037589611983
-4.75,6.25,5.707840601062339,1.5198918887104569,0.07129989922925462
-4.7,6.25,5.7064529423543675,1.526315611408933,0.07156009402555111
-4.7,6.2,5.70774800522503,1.5094191215009278,0.07090480070964707
-4.65,6.2,5.706354856873473,1.5158688617675444,0.07116678058367881
-4.6,6.2,5.704952859390824,1.5223600298841238,0.07143020897918513
-4.55,6.2,5.703550169028176,1.528860603212509,0.07169377390616406
-4.55,6.15,5.7048855482932215,1.5118147523869083,0.07103354216757211
-4.5,6.15,5.703474914037673,1.5183512428451413,0.07129928948432877
-4.45,6.15,5.701966447722658,1.5252850957036395,0.07157997202171144
-4.45,6.1,5.703268195795909,1.5083872917829468,0.07092528796492185
-4.4,6.1,5.701848066339256,1.514972645062282,0.07119348715027159
-4.35,6.1,5.70042643047156,1.5215704040701836,0.07146210813884951
-4.3,6.1,5.699000823288541,1.5281903820751357,0.07173136296476271
-4.3,6.05,5.700301070918961,1.511310582593937,0.07107807442210619
-4.25,6.05,5.698870030371416,1.5179568258166656,0.0713491507769007
-4.2,6.05,5.697429890595254,1.5246462089183879,0.07162166378155896
-4.2,6.0,5.698739614673832,1.5077422520980004,0.0709672937976982
-4.15,6.0,5.6972932238273435,1.5144610820672477,0.07124176826896887
-4.1,6.0,5.695844503651407,1.5211958538055004,0.0715167117294329
-4.05,6.0,5.694395003433885,1.527941252050706,0.07191134052015154
-4.05,5.95,5.69569981934213,1.5110678017258516,0.07113949801518682
-4.0,5.95,5.694245465782274,1.5178373221305814,0.07147552563664523
-3.95,5.95,5.6927858221448995,1.5246336552485193,0.07169417831292928
-3.95,5.9,5.694094123553936,1.507761249779158,0.07110007492132495
-3.9,5.9,5.6926295304258945,1.5145819980401252,0.07132124549936728
-3.85,5.9,5.691211304546596,1.5212235566690975,0.07159373650545842
-3.8,5.9,5.689737017779079,1.528096705025658,0.0718749402514008
-3.8,5.85,5.691134030938377,1.510880047567957,0.07121008670803754
-3.75,5.85,5.689557177848797,1.5181698979064624,0.07150816231405278
-3.7,5.85,5.688062666389404,1.52513589797079,0.07179356898799313
-3.7,5.8,5.689389124653177,1.5082165805492171,0.07113999461846855
-3.65,5.8,5.687875778183869,1.515263179299385,0.07142941214947962
-3.6,5.8,5.686369672474029,1.5222874321671915,0.0717177819532913
-3.55,5.8,5.6847874872626605,1.5296250976283126,0.07201791852135235
-3.55,5.75,5.68617141929724,1.5124861693625717,0.0713569291241591
-3.5,5.75,5.684607937494572,1.5197533547459872,0.07165526598629357
-3.45,5.75,5.683078396513699,1.526891240040044,0.07194851709602751
-3.45,5.7,5.684408841990878,1.5099814248769323,0.07129616530759349
-3.4,5.7,5.682911848277359,1.516992916322663,0.07158545562829915
-3.35,5.7,5.681221942762018,1.5247892388998863,0.07190473465980504
-3.35,5.65,5.682550339808367,1.5079013463080497,0.0712531413214424
-3.3,5.65,5.6810413520462655,1.514973642991955,0.07154549671380254
-3.25,5.65,5.679510859106667,1.5221397088044606,0.0718412519870424
-3.2,5.65,5.678258973669873,1.528187999306912,0.07209392707144097
-3.2,5.6,5.679321126012846,1.5123871088518743,0.07148504453802593
-3.15,5.6,5.678529128905825,1.5165836190998978,0.07166726112385302
-3.1,5.6,5.67662250700451,1.525286562155591,0.0720228242852142
-3.1,5.55,5.678296707707139,1.5070294117499325,0.07131901822133402
-3.05,5.55,5.676510277031428,1.5152520404440528,0.0716571467109125
-3.0,5.55,5.673485214028225,1.5283049992904985,0.07190511337237152
-3.0,5.5,5.67505761026016,1.5106560567099288,0.07150104839901807
-2.95,5.5,5.673408320580953,1.5181535003440103,0.07157091825209179
-2.9,5.5,5.6728096,1.5215947511708314,0.07197956049984712
-2.85,5.5,5.672120880570926,1.5254055867724978,0.07246958692427284
-2.85,5.45,5.6728096,1.5111588686479367,0.07159973257578192
-2.8,5.45,5.672039542507239,1.515303609452941,0.07213905275463565
-2.75,5.45,5.669256805726632,1.527789713415127,0.07227188373288951
-2.75,5.4,5.671953675425433,1.50524089428536,0.07181146616193697
-2.7,5.4,5.668993875071515,1.5184499497783572,0.07193613687814383
-2.65,5.4,5.667386824862833,1.5260030324759932,0.0722502677773873
-2.65,5.35,5.668745721976643,1.509071740159158,0.07159864512821773
-2.6,5.35,5.667130652749731,1.5166626756873736,0.07191522752913224
-2.55,5.35,5.665537192416293,1.5241734980253485,0.0722285364938639
-2.55,5.3,5.666885534337651,1.5072994239535473,0.07157906773913858
-2.5,5.3,5.66522246593156,1.515098328342792,0.0719045096211699
-2.45,5.3,5.663558332391333,1.5229089794103128,0.07223018306857851
-2.4,5.3,5.661914798556192,1.5306442839611565,0.07255278158557621
-2.4,5.25,5.663308965280987,1.5135955269798205,0.07189773447531247
-2.35,5.25,5.661668009826936,1.5213258014416788,0.07222114713683403
-2.3,5.25,5.660014646428629,1.529114234446872,0.07254663338307889
-2.3,5.2,5.661336297439675,1.5123747277125557,0.0719035294366163
-2.25,5.2,5.659689290119167,1.5201427449913398,0.07222922521771144
-2.2,5.2,5.658011551782249,1.528043777776883,0.0725598918038061
-2.2,5.15,5.659348154922377,1.511257675051941,0.07191500585334319
-2.15,5.15,5.657683000700639,1.5191134355042895,0.07224494107224277
-2.1,5.15,5.655983668331043,1.5271162340060307,0.07258038635427419
-2.1,5.1,5.65731886355102,1.510350049328281,0.07193630277712318
-2.05,5.1,5.655644929002037,1.5182552802667313,0.072269004923022
-2.0,5.1,5.654076930307578,1.5257365853350868,0.07208210434455795
-2.0,5.05,5.655344375518639,1.509260888987431,0.07195226505232084
-1.95,5.05,5.653706973192874,1.5170301427131412,0.0725984284017473
-1.9,5.05,5.652004908008251,1.5250716567991256,0.07261934471447787
-1.9,5.0,5.653375820088613,1.5081885338206038,0.07197067857045664
-1.85,5.0,5.651610226897329,1.5164950772221923,0.0723207780093382
-1.8,5.0,5.649980099404828,1.5242572288950704,0.07264954947850355
-1.8,4.95,5.651313421231572,1.507541936631924,0.07200743290699613
-1.75,4.95,5.649618994838252,1.5155723042860896,0.07234769227343267
-1.7,4.95,5.647924746342142,1.5236098637945905,0.07268805178800794
-1.7,4.9,5.649259284845258,1.5069040496991444,0.07204634941074846
-1.65,4.9,5.647561655305674,1.5149615313492666,0.07238854337848474
-1.6,4.9,5.645849481505804,1.5230866490650152,0.07273323165813468
-1.55,4.9,5.6441329065230335,1.5312378880683886,0.07307886267660106
-1.55,4.85,5.645406404005772,1.5147939526731133,0.07244860877085872
-1.5,4.85,5.643780713257939,1.522579678212116,0.07278106658783938
-1.45,4.85,5.642063697284013,1.5307470926930224,0.07312821904994765
-1.45,4.8,5.643353801830233,1.5142500976110316,0.07249596562190355
-1.4,4.8,5.641576319472485,1.5226711558575665,0.07285410494763978
-1.35,4.8,5.640018791586484,1.5301996296061706,0.07317732355528203
-1.35,4.75,5.641413951730637,1.5132873045005304,0.07252886600893747
-1.3,4.75,5.639454610217862,1.522467940466156,0.07291766571979011
-1.25,4.75,5.6379140046934895,1.5299409638704613,0.07323968790413096
-1.25,4.7,5.6393035958236375,1.5130659991893038,0.0725927113888609
-1.2,4.7,5.637448576852872,1.521833968452694,0.07296642825480255
-1.15,4.7,5.635734812914749,1.5300312229344837,0.0733176469424635
-1.15,4.65,5.637034492159856,1.5135396089247422,0.07268580702021124
-1.1,4.65,5.6353626061226745,1.5215713739732615,0.0730317014098534
-1.05,4.65,5.633639726362048,1.5298205217875787,0.07338607568271546
-1.05,4.6,5.634821939012895,1.5138258801719473,0.07277370398574769
-1.0,4.6,5.633072456561453,1.5221910458811994,0.07313372166899437
-0.95,4.6,5.631509758166031,1.5297970454962821,0.07346391894742405
-0.95,4.55,5.632629536207496,1.5140742097839053,0.0728622971242493
-0.9,4.55,5.630868149074536,1.5225032455844865,0.07322587226683391
-0.85,4.55,5.629291787650637,1.530184152417499,0.07421622960158065
-0.85,4.5,5.6304198134612635,1.5144386022963239,0.07295765747970617
-0.8,4.5,5.628843025997834,1.5221276214570996,0.07329320693279105
-0.75,4.5,5.627019737668349,1.5308346148609637,0.07366862412132211
-0.75,4.45,5.628192112375072,1.514926184949003,0.07306004561575115
-0.7,4.45,5.626362094562599,1.523668404716189,0.07343801601090405
-0.7,4.4,5.627692940200419,1.507124433617744,0.07280335063163182
-0.65,4.4,5.625913342723608,1.5156657642319868,0.07317464884480145
-0.6,4.4,5.624138976428587,1.524193872286983,0.0735453412291792
-0.6,4.35,5.625500733645117,1.5075378780552706,0.07290632878523018
-0.55,4.35,5.623651022569152,1.5163828816066534,0.07329074583390861
-0.5,4.35,5.621807180730819,1.525212854170123,0.07367443522176664
-0.5,4.3,5.623184868805776,1.5085059776201024,0.07303357166588126
-0.45,4.3,5.62134434534272,1.517329124010097,0.07341824978237514
-0.4,4.3,5.619503289621784,1.526163465644729,0.07380324129038489
-0.4,4.25,5.620877194156682,1.509486906312998,0.07316373105930726
-0.35,4.25,5.619046038628741,1.5182871385327035,0.0735486694230133
-0.3,4.25,5.617209211249324,1.527119707566961,0.07393480345110719
-0.3,4.2,5.618598906631784,1.5103932156803734,0.07329340772837367
-0.25,4.2,5.616760760614616,1.5192376624213861,0.07368132066249261
-0.2,4.2,5.614912785545718,1.5281320807620409,0.07407111239922101
-0.2,4.15,5.61629031201444,1.511470638247281,0.07343241452606021
-0.15,4.15,5.614421235703072,1.520380228508685,0.07382525882565925
-0.1,4.15,5.6125424939920565,1.5294179071522154,0.07422197353768491
-0.1,4.1,5.613905349057017,1.5128318487000656,0.07358643210035244
-0.05,4.1,5.612012847298426,1.521933561839191,0.07398700959576562
0.0,4.1,5.610363363068071,1.530037838774991,0.07434805234669653
0.0,4.05,5.611489573541783,1.5144469580163133,0.07375208849679069
0.05,4.05,5.609835375368955,1.5225780656683385,0.07411542570878676
0.05,4.0,5.610973017067825,1.5069567231821046,0.0735171351930847
0.1,4.0,5.609303476024785,1.5151589141571467,0.07388453244965128
0.15,4.0,5.607443633705675,1.52415747267677,0.074283626551277
0.15,3.95,5.608622075399365,1.5083833446937485,0.0736794558291319
0.2,3.95,5.606839768754043,1.5170683454863445,0.07406732584739863
0.25,3.95,5.605008559617025,1.5259645851173822,0.07446361128289028
0.25,3.9,5.606436509535085,1.5091719057210036,0.073818984672206
0.3,3.9,5.604631297124868,1.517967087157718,0.07421264385342796
0.35,3.9,5.602436417592284,1.5283890806372173,0.07467111305034897
0.35,3.85,5.603770284790048,1.512001300233567,0.07404292375684607
0.4,3.85,5.602020465131494,1.5205840397387753,0.0744293791984737
0.45,3.85,5.600153551141795,1.5296605649924853,0.07483563602988294
0.45,3.8,5.60148004775675,1.5133199466488583,0.07420939128587789
0.5,3.8,5.599595296810674,1.5224782167851425,0.07462030054253034
0.5,3.75,5.600661025737486,1.5072378678862715,0.07403700978826684
0.55,3.75,5.598771042227007,1.5164256902936495,0.0744504733806851
0.6,3.75,5.596888256232757,1.525593574717207,0.07480649533449489
0.6,3.7,5.598203823988834,1.5093311421803048,0.07423912997815396
0.65,3.7,5.59631673418127,1.5185211173881097,0.07466972888398357
0.7,3.7,5.594416917393621,1.5277760985433626,0.07507171502267036
0.7,3.65,5.5957408273787665,1.5114947348907137,0.07444720371621397
0.75,3.65,5.593836099577398,1.5207781199337225,0.07486737689598255
0.8,3.65,5.591932082017466,1.5300668451026735,0.07528779535135716
0.8,3.6,5.593252509165341,1.5138154193535345,0.07466476119031436
0.85,3.6,5.5913430284908525,1.5231348933101665,0.07508787733419832
0.85,3.55,5.592665658571674,1.5068919428887064,0.07446395367810797
0.9,3.55,5.590848569576018,1.5158335879659395,0.07487333879417772
0.95,3.55,5.588916407764553,1.52526340452913,0.07522766848772308
0.95,3.5,5.590238287943564,1.5090400367907881,0.07467950012950388
1.0,3.5,5.5883060101546524,1.5184762237893334,0.07565042808033105
1.05,3.5,5.5863708165570936,1.5279355125330325,0.07554253693092708
1.05,3.45,5.587554978702504,1.5123029679158009,0.07494361790432902
1.1,3.45,5.585631035358339,1.5217231583603805,0.07537555380609423
1.15,3.45,5.5837158215827944,1.531116686022804,0.07580646012516354
1.15,3.4,5.585042178720745,1.5149068464680469,0.07518451748101852
1.2,3.4,5.583116397635855,1.5243523044984588,0.07561905272035697
1.2,3.35,5.584436698651158,1.5081857549070146,0.07499760676361907
1.25,3.35,5.582507663317621,1.5176520367878932,0.0754345702263342
1.3,3.35,5.580575005256321,1.527143111193261,0.07587267279771281
1.3,3.3,5.581888335150795,1.5110219199666655,0.07525326601031453
1.35,3.3,5.579946048595256,1.5205612528487775,0.07569490968020652
1.4,3.3,5.577999995371201,1.5301251953817065,0.07613771230233435
1.4,3.25,5.579534688301811,1.513095525086408,0.07548147912022565
1.45,3.25,5.577595855589265,1.5226357963317032,0.07592498922182439
1.45,3.2,5.578912551352376,1.506536398442158,0.07530521397585319
1.5,3.2,5.576974407541277,1.5160818298701904,0.0757505596969624
1.55,3.2,5.575041935601855,1.525613544263159,0.07619549112001482
1.55,3.15,5.5763642185731435,1.50950675627489,0.0755756651106576
1.6,3.15,5.574415778952415,1.5191133529608079,0.07602528685404344
1.65,3.15,5.572472098689673,1.5287084249500762,0.07647463321082272
1.65,3.1,5.573786988891541,1.512649577707969,0.07585699171274392
1.7,3.1,5.571836227833912,1.5222826373491114,0.07630961679645319
1.7,3.05,5.573158979022423,1.5062090187158355,0.07569002179446789
1.75,3.05,5.571204315925555,1.5158666099990072,0.07614538517793748
1.8,3.05,5.569251280454722,1.5255258777159575,0.07660093469275162
1.8,3.0,5.570572100674041,1.5094779694099523,0.07598267335616436
1.85,3.0,5.568616660493569,1.5191555997893416,0.07644070962188731
1.9,3.0,5.566662706442154,1.5288362186061324,0.07689917483728102
1.9,2.95,5.567980916196855,1.5128158363581108,0.07628219611589362
1.95,2.95,5.566021127828157,1.5225292520120017,0.0767437022958459
1.95,2.9,5.567342096135968,1.506514983457528,0.07612571573863872
2.0,2.9,5.565375140201096,1.5162668024354273,0.07659056476509041
2.05,2.9,5.56341047546272,1.5260194153650415,0.07733580313217955
2.05,2.85,5.564724784832784,1.5100498164231932,0.07643975186764196
2.1,2.85,5.562585137975944,1.5205456441443648,0.07693745822582383
2.15,2.85,5.560615478891889,1.5303350468531607,0.07740621600525005
2.15,2.8,5.561924474967862,1.5144063291313643,0.07679225450207251
2.2,2.8,5.55963099556953,1.5255651310622764,0.07731959980659084
2.2,2.75,5.560936776416728,1.5096678095455218,0.07670588802643843
2.25,2.75,5.558987931928495,1.5193868149622178,0.0771753096406487
2.3,2.75,5.557505813558672,1.527151207621092,0.07756389099741193
2.3,2.7,5.558799777346642,1.5113217185022403,0.07695285363553647
2.35,2.7,5.556814371312492,1.5212111845118117,0.07743162786658045
2.4,2.7,5.554826700657771,1.5311185630120878,0.07791157556793875
2.4,2.65,5.556122077899506,1.5153008863803745,0.07730123115099531
2.45,2.65,5.554137918888646,1.5252014717715625,0.07778281583035544
2.45,2.6,5.555441194257466,1.5093696875514626,0.07717053800255536
2.5,2.6,5.5534733074255715,1.5192100004880378,0.0776515171883954
2.55,2.6,5.551449074399518,1.5292978169182108,0.07814321210432225
2.55,2.55,5.5527573975339255,1.5134616559181464,0.07753101895008582
2.6,2.55,5.550784754494878,1.523340226132099,0.07801591415650516
2.6,2.5,5.552086230354278,1.5075517736111765,0.07740436962092237
2.65,2.5,5.550107083018647,1.5174654763651918,0.07789272720919442
2.7,2.5,5.548129044409308,1.5273835530724116,0.07838167970141563
2.7,2.45,5.549430549895989,1.511612720057134,0.07777110784508834
2.75,2.45,5.5473459994716245,1.5219882783880365,0.07828139067144718
2.75,2.4,5.548635772682785,1.5062862997445154,0.0776723641198331
2.8,2.4,5.546655205972693,1.5162317780662502,0.07816656756339879
2.85,2.4,5.544675922922139,1.526180550405333,0.07866138197843595
2.85,2.35,5.545959258303047,1.5105233849912743,0.07805449047249963
2.9,2.35,5.5439801303584515,1.5204803892948362,0.07855167450828714
2.95,2.35,5.542008289691739,1.5304152428677174,0.07904841341500855
2.95,2.3,5.54329506638734,1.5147621565765097,0.07844189855892054
3.0,2.3,5.541322692375769,1.5247075845937206,0.07894117334151934
3.0,2.25,5.542609761503463,1.5090725727721392,0.07833405203240242
3.05,2.25,5.5406348878774105,1.5190360454932197,0.07883630148545201
3.1,2.25,5.538668636588686,1.5289726202868497,0.07933803002133125
3.1,2.2,5.5399541346188,1.5133624691873786,0.07873206764616722
3.15,2.2,5.537978327822697,1.5233474100209183,0.07923796903511937
3.15,2.15,5.539267374661407,1.5077415998128643,0.0786308374695642
3.2,2.15,5.537291338569997,1.5177359065026665,0.07913927713711445
3.25,2.15,5.535485617765437,1.5270179750603423,0.07961809281748101
3.25,2.1,5.536768889165649,1.5114562120044377,0.07901273145938001
3.3,2.1,5.5347905085305,1.5214768635689995,0.07952533530488486
3.35,2.1,5.53280921683597,1.531518934272051,0.08003946815866228
3.35,2.05,5.534094362634786,1.5159675687436733,0.07943478531466198
3.4,2.05,5.532104397372769,1.5260542870206506,0.079953106850684
3.4,2.0,5.5333928556776835,1.510508936864108,0.07934723613417523
3.45,2.0,5.531403172558254,1.520602489921077,0.07986814132412756
3.5,2.0,5.529431535062782,1.530624235821429,0.0803866129644328
3.5,1.95,5.530707488444972,1.5151554252158348,0.07971266042914103
3.55,1.95,5.528730671700337,1.525206739763477,0.08030635680707489
3.55,1.9,5.530007884119339,1.5097469888257005,0.07971940004814834
3.6,1.9,5.528027653372071,1.5198261318609543,0.0802285763305776
3.65,1.9,5.526056220933631,1.5298772576679667,0.0807538608165535
3.65,1.85,5.527326392111481,1.5144672099196943,0.08015265037434709
3.7,1.85,5.52535881261639,1.524510072783101,0.08067998029629742
3.7,1.8,5.526627405320833,1.509126635791596,0.08007846934259003
3.75,1.8,5.524658427856391,1.5191835244176646,0.0806088230362803
3.8,1.8,5.522688810600055,1.5292518423192845,0.08114055023842051
3.8,1.75,5.523955993316951,1.513893764941549,0.08054024230151273
3.85,1.75,5.521987061749957,1.5239667874979068,0.08150149449020534
3.85,1.7,5.523253699796233,1.508632452052121,0.0804738133554074
3.9,1.7,5.521282587613403,1.5187220599880418,0.0810115030728075
3.95,1.7,5.519318037676993,1.5287943564007245,0.08154926834832986
3.95,1.65,5.520580560709089,1.5134958866322263,0.08095013889905744
4.0,1.65,5.518614147651441,1.5235841500072977,0.08149118508844977
4.0,1.6,5.519877712489908,1.5083013747345415,0.08089123135258888
4.05,1.6,5.517910472587875,1.5184009733765487,0.08143537735651395
4.1,1.6,5.515952689176499,1.5284691949594478,0.08197914239122447
4.1,1.55,5.517205529022988,1.5132514765700815,0.08138213392362971
4.15,1.55,5.515243604144557,1.5233454908709938,0.08192966371048531
4.15,1.5,5.516492268269478,1.508165401292722,0.08133283700157544
4.2,1.5,5.514529270348726,1.5182719859737164,0.0818835776493929
4.25,1.5,5.512618785603782,1.5281638409725156,0.0824258939634865
4.25,1.45,5.5138081109264085,1.513256334888956,0.08184118374126743
4.3,1.45,5.511880756103851,1.5232278366376952,0.08238975248287489
4.3,1.4,5.513040630675186,1.5084661601301759,0.08181007225724368
4.35,1.4,5.511165866658841,1.5182224443662318,0.08235170279347875
4.4,1.4,5.509050175123189,1.5290121998047812,0.08294077593894032
4.4,1.35,5.510325047423392,1.513780917028862,0.08234018446720627
4.45,1.35,5.508191930585478,1.5246533225627026,0.0829358788898607
4.45,1.3,5.5093994379498366,1.5097288636349033,0.08234770732134114
4.5,1.3,5.507476545121949,1.519714860999441,0.08290638291015387
4.55,1.3,5.505527899058234,1.5298189137180906,0.08347173901045717
4.55,1.25,5.506760523999423,1.5148083947710274,0.08287960348021815
4.6,1.25,5.5048161982547335,1.5249020619298284,0.08344737139358067
4.6,1.2,5.506050765058578,1.5099038813323953,0.08285426651622528
4.65,1.2,5.504104798332647,1.52001267585785,0.08342560392618587
4.7,1.2,5.50216322504385,1.5301109170433251,0.08399783623768481
4.7,1.15,5.503393953615661,1.515149688971943,0.08340639413405931
4.75,1.15,5.501454281891217,1.525248101316735,0.08398161409836705
4.75,1.1,5.502686014010192,1.5103035139088994,0.08338928773077628
4.8,1.1,5.50074666503837,1.5204083343732808,0.08396787030204414
4.85,1.1,5.498817809795524,1.5304764997634424,0.08454629406672855
4.85,1.05,5.5000420857038375,1.5155845297730877,0.08395629057231091
4.9,1.05,5.498116864149432,1.5256456255489181,0.0845374312672474
4.9,1.0,5.499338720155055,1.5107847766624463,0.08394725663183285
4.95,1.0,5.497414820340158,1.5208479000603754,0.08444606048121724
5.0,1.0,5.495492926366458,1.530911783930539,0.08511757514043779
5.0,0.95,5.4967140015296305,1.5160752058338007,0.08461775775384074
5.05,0.95,5.494792385679023,1.5261445688663993,0.08511788385150294
5.05,0.9,5.496019746891425,1.5113022630662123,0.08452674243160195
5.1,0.9,5.4939573898680925,1.52198022008068,0.08514770781035352
5.1,0.85,5.4951795208630045,1.5071809207037423,0.0845569645009878
5.15,0.85,5.4932608098710665,1.5172539709766424,0.0851532123953744
5.2,0.85,5.4913497808627945,1.527302290549876,0.08574996396403531
5.2,0.8,5.492566781374333,1.5125467314940824,0.08516106282435228
5.25,0.8,5.490657976898927,1.5225934890441841,0.08576111368936438
5.25,0.75,5.491876125499686,1.507854241428623,0.08517128211573659
5.3,0.75,5.489968486166938,1.517904119454252,0.08577484239839081
5.35,0.75,5.488069941645525,1.5279226946110651,0.0863788700121662
5.35,0.7,5.489280086014459,1.5132392023805237,0.08579141677051097
5.4,0.7,5.487382710599821,1.523260762137803,0.08639901229351588
5.4,0.65,5.488594947929661,1.5085899055462983,0.0858104174854747
5.45,0.65,5.4866986543290786,1.518614735539268,0.08642163405043837
5.5,0.65,5.484810395473706,1.528612721013161,0.08703368772392256
5.5,0.6,5.486014993872375,1.5139962784278844,0.0864473934206105
5.55,0.6,5.484131154936502,1.523983717302564,0.08706252186635817
5.55,0.55,5.485338711724487,1.5093761085833535,0.08647479717103303
5.6,0.55,5.483453490837176,1.5193765168475075,0.08709429071914414
5.65,0.55,5.481498800690652,1.529682015097798,0.08773043115402412
5.65,0.5,5.482774064783897,1.5148078781633305,0.0871296001502752
5.7,0.5,5.480819439835484,1.5251200070773445,0.08776990976142067
5.7,0.45,5.482099879815218,1.5102458851904315,0.08716718748051365
5.75,0.45,5.480139403214917,1.5205914457867444,0.08781286462241196
5.8,0.45,5.478357784150299,1.5301796437400672,0.08842442896256532
5.8,0.4,5.479553695186696,1.5156889128885762,0.08783974979920958
5.85,0.4,5.477687515044076,1.5256465559240249,0.08847294630141195
5.85,0.35,5.47888338328977,1.5111774236939626,0.08788749811935243
5.9,0.35,5.477019960167183,1.521131379642524,0.08852440721108518
5.95,0.35,5.4751630090802665,1.5310648276788765,0.08916279540056539
5.95,0.3,5.476353565404818,1.5166413984367642,0.08857909115611363
6.0,0.3,5.474501960054271,1.5265593946726967,0.0892207571329619
6.0,0.25,5.47569322388951,1.512155102000303,0.08863609576713435
6.05,0.25,5.47384197034628,1.5220795941999816,0.08928212808217093
6.05,0.2,5.475032237497105,1.507701590382648,0.0886968442101627
6.1,0.2,5.47318338203823,1.5176232783636003,0.08934684013241834
6.15,0.2,5.471344461231717,1.5275092823784966,0.08999786933546895
6.15,0.15,5.472531293986575,1.5131685443269893,0.08941389949222334
6.2,0.15,5.470691113147929,1.5230676469973257,0.09006978705149944
6.2,0.1,5.471877822248188,1.5087502450769936,0.0894849474232552
6.25,0.1,5.470041581864658,1.5186399286505008,0.09014463364640082
6.3,0.1,5.468217922949272,1.5284828644928565,0.09080492101030967
6.3,0.05,5.469392806941475,1.5142392222931242,0.09022312957393562
6.35,0.05,5.46757211712074,1.5240772963361642,0.09088749775462326
6.35,0.0,5.468751809088572,1.5098351180006053,0.09030383388659392
6.4,0.0,5.466929205854674,1.5196888403529683,0.09097343646011873
6.45,0.0,5.465102414459071,1.5295673397103773,0.09164748802153477
6.45,-0.05,5.4662872438597185,1.5153269215614573,0.09106315287472332
6.5,-0.05,5.464462395991108,1.5252048882317888,0.09174171418768386
6.5,-0.1,5.465647252493547,1.5109859039088238,0.09115649211848717
6.55,-0.1,5.463823492580199,1.5208669144671785,0.09178496204205466
6.6,-0.1,5.462008813990381,1.530706417717042,0.09252435601252906
6.6,-0.15,5.463188561365365,1.5165335427996698,0.0920358731946794
6.65,-0.15,5.461376708923975,1.526376617216318,0.09263024232089857
6.65,-0.2,5.462555674835823,1.512229119237379,0.09204577172052925
6.7,-0.2,5.460747526980369,1.5220636240390146,0.09273976047811724
6.7,-0.25,5.461926081094201,1.5079404947180273,0.09215443276002926
6.75,-0.25,5.460119850147594,1.5177741961219022,0.092853295421394
6.8,-0.25,5.457994730629332,1.5289799406351627,0.09362699556097258
6.8,-0.3,5.459495382861439,1.5135009072299817,0.09297051067749701
6.85,-0.3,5.457366925328755,1.5247283041863045,0.09375077568273012
6.85,-0.35,5.4585872215525955,1.510471400388206,0.09315572766236474
6.9,-0.35,5.456742184739426,1.52049365911091,0.09387839587225728
6.95,-0.35,5.454908273281389,1.5304712440482913,0.09558777976237208
6.95,-0.4,5.456120211387857,1.5162770669088679,0.09400990794364117
7.0,-0.4,5.454288249593249,1.5262540297146,0.09473956268112997
7.0,-0.45,5.455500799632116,1.5120806014393045,0.09414544178473817
7.05,-0.45,5.453671335616827,1.5220539348460203,0.09488034733442056
7.05,-0.5,5.454884046240084,1.5079007909995379,0.09525937510106192
7.1,-0.5,5.453057953841679,1.517870120978107,0.09502503077608677
7.15,-0.5,5.45124260818757,1.527799601313302,0.0957671444552979
7.15,-0.55,5.452446721634906,1.5137069746920486,0.09517404416976934
7.2,-0.55,5.450635115613229,1.5236278562468129,0.0959213831526222
7.2,-0.6,5.451838678284961,1.5095610708760308,0.09532721542050258
7.25,-0.6,5.450029993884945,1.5194772632033982,0.0960799899248915
7.3,-0.6,5.448213970592665,1.5294292398214369,0.09683967011627212
7.3,-0.65,5.449426740098296,1.5153485440480623,0.09624327542511059
7.35,-0.65,5.447614585533211,1.525292141033057,0.09700826602849878
7.35,-0.7,5.448827156614353,1.5112345302842345,0.0964107793004263
7.4,-0.7,5.447018023378495,1.521172909615266,0.09718144186242059
7.4,-0.75,5.44822970982478,1.507142352734015,0.09658299426570961
7.45,-0.75,5.446422973924636,1.5170772836172175,0.09735962696059948
7.5,-0.75,5.444628063427008,1.5269681161184903,0.09813881793179871
7.5,-0.8,5.44583270006677,1.5129926163500453,0.09754197237255208
7.55,-0.8,5.444037863453752,1.5228900103709642,0.09832785799204728
7.55,-0.85,5.445243655064281,1.5089332168568848,0.09772945333594715
7.6,-0.85,5.443452393119213,1.5188221088421234,0.09852128593455156
7.65,-0.85,5.441669160921157,1.5286829123956014,0.09931685854171979
7.65,-0.9,5.442870245530906,1.5147710552266267,0.09871951154908748
7.7,-0.9,5.44108996716769,1.5246259132361544,0.09952142793512425
7.7,-0.95,5.442290455658711,1.5107404486328566,0.0989228192705144
7.75,-0.95,5.44051297373971,1.5205903876759341,0.09973117683957333
7.8,-0.95,5.438742998546716,1.530413794750602,0.10054376818813936
7.8,-1.0,5.439938475663662,1.5165747007165629,0.09994619137498531
7.85,-1.0,5.438171418588799,1.5263929075874263,0.10076541092169655
7.85,-1.05,5.439367409264379,1.5125755553034592,0.10016626084695279
7.9,-1.05,5.437603041758091,1.522389252142804,0.10099229110829884
7.9,-1.1,5.43879942298265,1.5085942066194904,0.10039159249961456
7.95,-1.1,5.437037724493506,1.518403371887873,0.10122457047670194
8.0,-1.1,5.435283692892385,1.5281854681739404,0.10206223261021673
8.0,-1.15,5.436476267503628,1.5144320044032515,0.10146210262852401
8.05,-1.15,5.4347261894251755,1.5242040164479556,0.10230662734427899
8.05,-1.2,5.435917177509457,1.5104816802059928,0.10170534745852008
8.1,-1.2,5.434169632590216,1.5202440220885245,0.10255902016875809
8.15,-1.2,5.4324270639435035,1.5299952185817836,0.10341688690880908
8.15,-1.25,5.433615732734397,1.5163082466161482,0.10281582300933725
8.2,-1.25,5.431876921491351,1.526050570331033,0.10368110388186412
8.2,-1.3,5.433065841965268,1.5123856945171206,0.10307834471071461
8.25,-1.3,5.431331836724127,1.5221143764109408,0.10395088890096352
8.25,-1.35,5.432520701736946,1.5084735624113936,0.10334656403013331
8.3,-1.35,5.430790640171957,1.518191145720118,0.10422661683680243
8.35,-1.35,5.429064302541708,1.5278994157860843,0.10511302574773436
8.35,-1.4,5.43025007036722,1.5142975305387687,0.10450917182913019
8.4,-1.4,5.428527449221831,1.52399484855991,0.10540356393069857
8.4,-1.45,5.42971362664695,1.5104146382438541,0.10427166921142253
8.45,-1.45,5.427994787938508,1.5201029013783947,0.10570035072217641
8.5,-1.45,5.426285001128581,1.5297576555792232,0.10660865033297716
8.5,-1.5,5.42746460595557,1.5162311236750008,0.10600391032029093
8.55,-1.5,5.425757319482534,1.5258817427725901,0.10692090398599355
8.55,-1.55,5.4269386558810035,1.5123717293354138,0.10631397783545433
8.6,-1.55,5.425233708765186,1.5220196177754728,0.10723979011621279
8.6,-1.6,5.426415985547702,1.5085299141223998,0.10663083366586108
8.65,-1.6,5.424713543770492,1.518173924476148,0.10756556285867053
8.7,-1.6,5.42301778117987,1.5277939261723312,0.10850744807747567
8.7,-1.65,5.424196119430557,1.5143482008805282,0.10789852667060047
8.75,-1.65,5.422503199428049,1.5239635014458335,0.10884954824727523
8.75,-1.7,5.423682108516342,1.5105392201703782,0.10823854754599548
8.8,-1.7,5.4219920238280785,1.520149459238043,0.10919896883747471
8.85,-1.7,5.420232536812279,1.5300603907039834,0.11018839989798292
8.85,-1.75,5.421484680323826,1.5163513986183752,0.10955557145063995
8.9,-1.75,5.419726656525027,1.5262629938335388,0.11055524873767777
8.9,-1.8,5.420980560543218,1.5125712370177744,0.10991979177425139
8.95,-1.8,5.41922365111107,1.5224865591856382,0.1109299641180308
8.95,-1.85,5.420403618121314,1.5091363264507336,0.11031287638904308
9.0,-1.85,5.4187248586202195,1.518723328535483,0.1113121166532774
9.05,-1.85,5.416972823637614,1.5286291769818798,0.11234295068178421
9.05,-1.9,5.418229051890367,1.5149809174423536,0.11170236927146687
9.1,-1.9,5.416479186600726,1.5248838573304395,0.11274409255024312
9.1,-1.95,5.417736542495485,1.5113105552613595,0.11209453085696401
9.15,-1.95,5.4159886440032725,1.5211572592310083,0.11315377320289367
9.15,-2.0,5.417168618107937,1.5079366796157714,0.11252520030862674
9.2,-2.0,5.4155003052703865,1.5175033159049627,0.1135671805190466
9.25,-2.0,5.41383899066866,1.5270448072789662,0.11461874881167662
9.25,-2.05,5.415015351333892,1.513812485546506,0.11399572722411928
9.3,-2.05,5.413356809656636,1.5233487195492972,0.11505885708598072
9.3,-2.1,5.414534443029054,1.510135200148307,0.11443329295666704
9.35,-2.1,5.412878121227928,1.5196679205528607,0.11550846687784982
9.4,-2.1,5.411230865766914,1.5291667895446663,0.11659340308172783
9.4,-2.15,5.41240284407025,1.5160039068088815,0.11596774490092658
9.45,-2.15,5.410970741728535,1.524590474899089,0.11700018921088041
9.45,-2.2,5.411931826528184,1.512354191753308,0.11643635540531683
9.5,-2.2,5.410506907558231,1.520916760158144,0.11747943306311619
9.5,-2.25,5.411673987607305,1.5078271409833248,0.11684987188742202
9.55,-2.25,5.410039652891189,1.517289988427958,0.11797060296944153
9.6,-2.25,5.408418337827315,1.5267014713699512,0.11910100860986193
9.6,-2.3,5.409582595112693,1.5136519878703019,0.11846901881116627
9.65,-2.3,5.407964078183506,1.52305785089845,0.11961278243100094
9.65,-2.35,5.409128801258029,1.510032310350012,0.11897806993702664
9.7,-2.35,5.407515430181081,1.5194229044947138,0.12013461515118846
9.75,-2.35,5.405906321275753,1.5288000667837678,0.12130473793989115
9.75,-2.4,5.407068907696013,1.5158139046212606,0.12066748013258942
9.8,-2.4,5.405463676471704,1.5251817601515794,0.12185156512558516
9.8,-2.45,5.406628849541247,1.5121489494606766,0.12121989566231428
9.85,-2.45,5.405026695574785,1.5215118768339126,0.12241875471733997
9.85,-2.5,5.406189260872045,1.5086076873086014,0.12177148210783302
9.9,-2.5,5.404591775292259,1.5179644677371038,0.12298333667035573
9.95,-2.5,5.402997541281408,1.5273083853605591,0.12421080832157153
9.95,-2.55,5.404157951875155,1.5144460941847009,0.12356097455013822
10.0,-2.55,5.402566307547447,1.5237818433120898,0.12480482990303204
10.0,-2.6,5.40372766263133,1.5109220405144324,0.12415434732707628
10.05,-2.6,5.402140680644308,1.520242424529933,0.12541373445655754
10.1,-2.6,5.40055986644654,1.5295402836660006,0.12668890788457907
10.1,-2.65,5.401717558280013,1.5166276087662698,0.12604593911353745
10.15,-2.65,5.400139118209246,1.5259197472392556,0.1273383886192085
10.15,-2.7,5.401297801065997,1.513106892270344,0.12668389525410867
10.2,-2.7,5.399721610156513,1.522395632316813,0.12799383329204878
10.2,-2.75,5.400880693053294,1.5096055236792907,0.12733592463613014
10.25,-2.75,5.39930917406105,1.5188801277069972,0.12866296234749702
10.3,-2.75,5.397745810185028,1.5281240978828443,0.13000696890553926
10.3,-2.8,5.39890014800112,1.51538230477911,0.12934650032034678
10.35,-2.8,5.397338366052166,1.524626020372217,0.1307095882313765
10.35,-2.85,5.398493091254901,1.5119075504691606,0.13004546736827438
10.4,-2.85,5.396935995037451,1.5211372950161597,0.13142693778872275
10.4,-2.9,5.398090063012197,1.5084478505620293,0.13075929786476767
10.45,-2.9,5.396536594423123,1.5176687173647183,0.13215993212602853
10.5,-2.9,5.394990360461216,1.5268622087131396,0.1335800886937558
10.5,-2.95,5.396140371495239,1.51421833662762,0.13290913077572822
10.55,-2.95,5.3945976178512725,1.523403608441291,0.13434960649407623
10.55,-3.0,5.39574791314173,1.5107855124506893,0.13367440486659835
10.6,-3.0,5.394184169698559,1.5200657106055022,0.13514524112422938
10.65,-3.0,5.392656843432471,1.5291953168242507,0.13662617783943964
10.65,-3.05,5.393801188395301,1.516631326260171,0.13594780285282343
10.7,-3.05,5.392275838617342,1.525758740105408,0.13745132369735585
10.7,-3.1,5.393421576578817,1.513214310542857,0.136768178879429
10.75,-3.1,5.391897613319622,1.52234152560289,0.13829517386471607
10.75,-3.15,5.393044148227043,1.5098205347630507,0.13760720248959296
10.8,-3.15,5.391522595112696,1.5189440237405594,0.13915779117601043
10.85,-3.15,5.390007510327645,1.5280440190609865,0.14073286199123533
10.85,-3.2,5.3911515717936815,1.5155621880613426,0.14003938427608012
10.9,-3.2,5.38963815737804,1.524660534774008,0.14163981963681033
10.9,-3.25,5.390783014886491,1.5122015458135663,0.14094130075793915
10.95,-3.25,5.389273225502172,1.521290517426366,0.1425669675417766
10.95,-3.3,5.390417624097536,1.5089083600456872,0.1418607550529482
11.0,-3.3,5.388911322425471,1.5179881182561887,0.1435124776621425
11.05,-3.3,5.387412633082135,1.527037887145941,0.14459048733486746
11.05,-3.35,5.388551779724719,1.514644548089348,0.14448591549097337
11.1,-3.35,5.387056897828666,1.523684321259043,0.14264584168750818
11.1,-3.4,5.388197360854466,1.5113158229625756,0.14548034258635506
11.15,-3.4,5.386704477512728,1.5203461465550894,0.14913573188794774
11.2,-3.4,5.385216938265322,1.5293655058673148,0.14898139709701727
11.2,-3.45,5.386355754654961,1.5170365192061264,0.14826079077030058
11.25,-3.45,5.3848714677987255,1.5260473370955159,0.15005784134263914
11.25,-3.5,5.386010852595929,1.5137404887805967,0.1493314553860607
11.3,-3.5,5.384529627927545,1.5227458606519257,0.15115955947922388
11.3,-3.55,5.385670044916727,1.5104640729600918,0.1504264864904337
11.35,-3.55,5.384191454535363,1.5194638057298062,0.15228707703697228
11.4,-3.55,5.38272021089145,1.528435685718686,0.15418227271835286
11.4,-3.6,5.383856607053688,1.5161977518576149,0.15344187873065213
11.45,-3.6,5.3823873836996805,1.5251677648349182,0.15537179125359418
11.45,-3.65,5.383524310082342,1.5129539175836977,0.15462472760308768
11.5,-3.65,5.382057883289153,1.521916668027521,0.15659034503552072
11.5,-3.7,5.383195024049598,1.509731517511131,0.155836122453444
11.55,-3.7,5.381731400745314,1.518689431327951,0.1578382772780385
11.6,-3.7,5.380278443276716,1.5276040465583272,0.1598792379286577
11.6,-3.75,5.381408755043809,1.5154746645579829,0.15911715539120946
11.65,-3.75,5.3799586371237424,1.5243840557331811,0.16119707529039778
11.65,-3.8,5.381089324953858,1.5123149980523651,0.16041005309513387
11.7,-3.8,5.379642359528788,1.521217696143514,0.16252938502022488
11.7,-3.85,5.3807743421647105,1.5091407902438558,0.16175055727765167
11.75,-3.85,5.379330684729401,1.5180352232231693,0.16391111585832807
11.8,-3.85,5.377890474708105,1.5269184635300543,0.16611978964351126
11.8,-3.9,5.379019815545809,1.514881724626678,0.16532925820349606
11.85,-3.9,5.377583930044405,1.5237526026356298,0.16758165430958072
11.85,-3.95,5.3787123041762195,1.5117464884229526,0.16678355655432
11.9,-3.95,5.3772763540905135,1.5206234698710492,0.16908372863334992
11.9,-4.0,5.378381864752092,1.508741200279856,0.16828998955422048
11.95,-4.0,5.376945805460818,1.51762458709465,0.17063981074665605
12.0,-4.0,5.375526192800782,1.5264419120328732,0.17303749520279352
12.0,-4.05,5.37665378890866,1.5144960837809067,0.1722158635119702
12.05,-4.05,5.375234676284096,1.5233167496238518,0.17466635079278292
12.05,-4.1,5.376361932391846,1.5113998867497862,0.17383532606616373
12.1,-4.1,5.374948084723702,1.5202042909224773,0.17633738927262424
12.15,-4.1,5.3735781341230435,1.5288274330065947,0.17887639417968249
12.15,-4.15,5.374662990679461,1.5171186013231037,0.17805427175389388
12.2,-4.15,5.373295753589975,1.5257363822537335,0.18065005063316034
12.2,-4.2,5.374418943319134,1.51389233612677,0.17979391371062006
12.25,-4.2,5.3730147953682765,1.5226709413858042,0.1824739055765356
12.25,-4.25,5.374139726576811,1.5108469393038293,0.18160571874516968
12.3,-4.25,5.372737352244883,1.519624013705465,0.184348101569648
12.35,-4.25,5.371339203999836,1.5283864771313929,0.18716303535357953
12.35,-4.3,5.372462988785565,1.5165977947705078,0.18627451845809187
12.4,-4.3,5.3710683150456955,1.525351648149831,0.18915584049609352
12.4,-4.35,5.372193865439321,1.5135818927381386,0.1882541725683136
12.45,-4.35,5.370800046201261,1.5223378540946682,0.19120623095351863
12.45,-4.4,5.3719263922687,1.5105922095049245,0.19029144864180522
12.5,-4.4,5.370535400642302,1.519342015254989,0.19331551252551643
12.55,-4.4,5.369150466466367,1.528069159708523,0.1964244409780738
12.55,-4.45,5.370274576253766,1.5163622511030967,0.1954862913852945
12.6,-4.45,5.368892503240908,1.5250839774105285,0.19867321556820836
12.6,-4.5,5.370016515488396,1.5134049701944208,0.197721051105194
12.65,-4.5,5.368637455225414,1.5221195545861512,0.20098947201236927
12.65,-4.55,5.3697610731192515,1.5104687359253601,0.2000230792183009
12.7,-4.55,5.3683858563670945,1.5191729938500023,0.2033759354443598
12.75,-4.55,5.367024854028301,1.5278203209340453,0.2068233266004727
12.75,-4.6,5.368136942813703,1.5162483287134332,0.20583565963921685
12.8,-4.6,5.366772641771974,1.5249152567676905,0.20938148904569645
12.8,-4.65,5.367891453200506,1.5133422158107384,0.20837081717796005
12.85,-4.65,5.366529883512053,1.522003941203458,0.21201405528500708
12.85,-4.7,5.3676493914267525,1.5104543467432416,0.21098619205426342
12.9,-4.7,5.3662894626616024,1.519114943517904,0.2147311794090339
12.95,-4.7,5.36493576695498,1.527752739305436,0.21859665258551914
12.95,-4.75,5.366052376857877,1.5162456177091623,0.2175356561259573
13.0,-4.75,5.364701234743237,1.524878460307327,0.22151301324562075
13.0,-4.8,5.365819307725931,1.5133923656953494,0.22043079360769194
13.05,-4.8,5.364469855518526,1.5220237439197433,0.22452607164852095
13.05,-4.85,5.365588640020603,1.5105625674273848,0.2234220364052682
13.1,-4.85,5.36424169255879,1.5191893988418739,0.22763990679207144
13.15,-4.85,5.362900600360012,1.5277941875139094,0.23200546537674138
13.15,-4.9,5.3640162781137635,1.5163758463423263,0.23086026675800683
13.2,-4.9,5.362678787243345,1.5249714212619516,0.2353594653658522
13.2,-4.95,5.363794396501952,1.5135793357183585,0.23419073724749773
13.25,-4.95,5.362460312862839,1.522166850734105,0.23883241539226577
13.25,-5.0,5.363575714379813,1.5108034455608195,0.2376386120429802
13.3,-5.0,5.3622447395061945,1.5193840500370421,0.2424292823885563
13.35,-5.0,5.360918419326528,1.5279473116572597,0.24903587122421214
13.35,-5.05,5.362031615444866,1.51662428417282,0.24615663881723243
13.4,-5.05,5.360708242351117,1.5251810066735985,0.25129654117650596
13.4,-5.1,5.361821979670244,1.5138831833930229,0.2500205890335848
13.45,-5.1,5.360501049831212,1.522435340424419,0.2553364970070372
13.45,-5.15,5.361615428575268,1.5111625716247912,0.25089955886968707
13.5,-5.15,5.360297038105734,1.5197099290147327,0.25952936792276776
13.55,-5.15,5.358985501211821,1.5282324120949549,0.2652583327932837
13.55,-5.2,5.360095914291871,1.5170061903901906,0.26388415813658705
13.6,-5.2,5.358787225264305,1.525522636939255,0.26982113392229007
13.6,-5.25,5.359897984405377,1.5143219843005062,0.26841021642590784
13.65,-5.25,5.358592576459327,1.5228304901676513,0.27456674190883107
13.65,-5.3,5.35970368258769,1.5116561335080105,0.2731162686077678
13.7,-5.3,5.358400582405119,1.520160638047568,0.2795064926660724
13.75,-5.3,5.357104160847558,1.5286401744773004,0.28618530323644437
13.75,-5.35,5.358211495609994,1.5175121082767626,0.28465170703761017
13.8,-5.35,5.356916959049197,1.5259896376614104,0.29159655540197793
13.8,-5.4,5.358024514671373,1.5148879550689311,0.2900165713026716
13.85,-5.4,5.356732738260979,1.5233600159448843,0.2972425534001393
13.85,-5.45,5.357840812569867,1.512283349950963,0.29561264926218794
13.9,-5.45,5.356551230126358,1.5207518523424948,0.30313882607927994
13.9,-5.5,5.357659288124667,1.5097029985136288,0.3014560489732993
13.95,-5.5,5.356370582210849,1.5181738642538847,0.3093045108133154
14.0,-5.5,5.355088914313735,1.526618095453717,0.317553666579319
14.0,-5.55,5.35619542119219,1.5156064066722408,0.31574975903301045
14.05,-5.55,5.354916056607395,1.5240471374693039,0.3243673261627694
14.05,-5.6,5.356022814389807,1.5130619438441661,0.3224987602015987
14.1,-5.6,5.354747285559212,1.5214920917675943,0.3315080473630902
14.1,-5.65,5.355852695519232,1.5105405710341073,0.3295727358390703
14.15,-5.65,5.354580647431605,1.518962158409634,0.3390017162798556
14.2,-5.65,5.353310348702099,1.52737921628871,0.34897771938140465
14.2,-5.7,5.354415050707634,1.516461043265064,0.3468786135785862
14.25,-5.7,5.35314840467404,1.524869119943193,0.3573465449857594
14.25,-5.75,5.354253296270102,1.5139777715568532,0.35516021691993005
14.3,-5.75,5.352989823995133,1.5223780690071245,0.36615949083010657
14.3,-5.8,5.35409446315298,1.5115148327348658,0.3638804798162756
14.35,-5.8,5.352834125029275,1.5199084881450675,0.3754523860499598
14.4,-5.8,5.3515798773100585,1.5282791338886825,0.3877660267125857
14.4,-5.85,5.352682597351025,1.5174551554581603,0.38526285313959735
14.45,-5.85,5.3514292636083765,1.525827971256484,0.3982656323758664
14.45,-5.9,5.352531273248349,1.5150341182050981,0.3956447740717464
14.5,-5.9,5.3512807639199025,1.523401281075092,0.409391357939785
14.5,-5.95,5.352382665343845,1.5126352174098059,0.4066416649481547
14.55,-5.95,5.351134977524709,1.5209971698970572,0.42119759012975616
14.55,-6.0,5.352236945393565,1.5102581391661065,0.41830593928452997
14.6,-6.0,5.35100292350299,1.5185695776872208,0.43371004498645166
14.65,-6.0,5.349763063257524,1.5269073712555405,0.45031555158164177
14.65,-6.05,5.350863343911256,1.5162068920937992,0.4470703174238678
14.7,-6.05,5.349625865040698,1.5245402228676723,0.46476394406602267
14.7,-6.1,5.350726558606819,1.513865542012653,0.46132697687083773
14.75,-6.1,5.34949201730136,1.5221933225154938,0.4802159855701022
14.75,-6.15,5.350591589044975,1.5115501001167029,0.47657359127020127
14.8,-6.15,5.349360218392359,1.5198707755296155,0.49678394320638014
14.85,-6.15,5.348133488201065,1.5281741358909238,0.5187723205794715
14.85,-6.2,5.349231071107465,1.5175704217408728,0.5145901656144373
14.9,-6.2,5.34800724409507,1.5258678804553418,0.5382527308765922
14.9,-6.25,5.349105659998174,1.5152885934414515,0.5337694553296933
14.95,-6.25,5.347884024708309,1.5235827664936306,0.5593101640204792
14.95,-6.3,5.348980923458259,1.5130370262807367,0.5545039987682239
15.0,-6.3,5.347761583138622,1.5213279589995965,0.5821574831290312
15.0,-6.35,5.348859826627434,1.510804550027428,0.576969056734079
15.05,-6.35,5.3476434936747586,1.5190889319821876,0.6070050651590355
15.1,-6.35,5.346431743995533,1.52735713590601,0.6403265380727096
15.1,-6.4,5.34752650633316,1.516878973541071,0.6341510557148242
15.15,-6.4,5.346317893234945,1.5251400964498887,0.670648324864471
15.15,-6.45,5.347414292263443,1.5146826948152892,0.6638931916342
15.2,-6.45,5.34620671573124,1.5229456277008127,0.7040636431389874
15.2,-6.5,5.3473027377146,1.512517315806085,0.6966598963655578
15.25,-6.5,5.346097139328649,1.5207778416816302,0.7410815645657608
15.25,-6.55,5.347194306539903,1.5103722409026688,0.7329065424800092
15.3,-6.55,5.345991305467021,1.5186285651883311,0.7822878204367942
15.35,-6.55,5.34479321216642,1.5268667468832866,0.8387959285944686
15.35,-6.6,5.3458884203794765,1.5165002879550953,0.8284409969538913
15.4,-6.6,5.3446913885902205,1.5247400804828337,0.8921764657708441
15.4,-6.65,5.345785400491954,1.5144062131085638,0.8805296787016335
15.45,-6.65,5.344591975984948,1.5226370087845376,0.9529386509746347
15.45,-6.7,5.345686416392777,1.5123285345751742,0.9397013451369391
15.5,-6.7,5.3444955817886015,1.5205550602181381,1.022706313145274
15.5,-6.75,5.345589302208931,1.5102770649246946,1.0075369858572625
15.55,-6.75,5.344401346722195,1.5184974340531134,1.1036564212853075
15.6,-6.75,5.343218050536208,1.526701722480073,1.2200642921227256
15.6,-6.8,5.344309939374458,1.516462921676199,1.1986613956093912
15.65,-6.8,5.3431303013010645,1.5246576219130497,1.3373398977049389
15.65,-6.85,5.344219461223656,1.5144570979899408,1.3118205920503063
15.7,-6.85,5.343043265477645,1.5226437153700232,1.4798686517776778
15.7,-6.9,5.344132647346401,1.5124699024669412,1.448749463856076
15.75,-6.9,5.342958889134197,1.520652521744691,1.6566661601117505
15.75,-6.95,5.344048532899261,1.5105053771525874,1.617830757471377
15.8,-6.95,5.342876847885467,1.5186852165045117,1.8817736292602765
15.85,-6.95,5.341713626369355,1.5268343795563393,2.2484564043478144
15.85,-7.0,5.342797593645654,1.5167407474017027,2.1780327789158087
15.9,-7.0,5.341636294083708,1.524887217562414,2.6853340014358036
15.9,-7.05,5.342722767842786,1.5148110661878709,2.5853185175315594
15.95,-7.05,5.341528972845739,1.5230936120226117,3.340629322328802
15.95,-7.1,5.342646885520621,1.5129184329805523,3.1814341342490122
16.0,-7.1,5.341455234834142,1.5211989984841656,4.408705362118639
16.0,-7.15,5.342540471341342,1.5111822556763448,4.1464463902439475
16.05,-7.15,5.341382912123207,1.5193313814521252,6.484300523268534
16.1,-7.15,5.340231158655371,1.5274592069156434,14.87676926260595
16.1,-7.2,5.341314145781393,1.5174827469083079,12.258266770083594
16.15,-7.2,5.340163692828323,1.5256112112086497,-182.317470259119
16.15,-7.25,5.341246665278213,1.5156621290960555,112.73592378851995
16.2,-7.25,5.340098803995579,1.5237864426679473,-12.783125353978917
16.2,-7.3,5.341182329128321,1.5138623938428803,-15.658863087383358
16.25,-7.3,5.340036624252214,1.5219838472206881,-6.62254062178752
16.25,-7.35,5.341118828687268,1.5120925009076183,-7.317691162736749
16.3,-7.35,5.339976133810705,1.5202079310183827,-4.468061698680353
16.3,-7.4,5.341058781880379,1.5103424588758558,-4.774246512176393
16.35,-7.4,5.339917307345163,1.5184588371619923,-3.37086163368501
16.4,-7.4,5.338782916103353,1.5265492458377568,-2.6048274545048606
16.4,-7.45,5.3398615156253015,1.5167305042694867,-2.7062774891313057
16.45,-7.45,5.3387264212077525,1.524829451748686,-2.18896447040787
16.45,-7.5,5.3398085269811775,1.5150242313438913,-2.260612829503518
16.5,-7.5,5.338676119059573,1.5231186424701757,-1.8878596228253848
16.5,-7.55,5.339755001106032,1.5133538472622274,-1.9407395999890427
16.55,-7.55,5.338626135845277,1.5214397070247336,-1.6594749521127636
16.55,-7.6,5.339704584395038,1.5117036490883564,-1.7002439282975264
16.6,-7.6,5.338579163383031,1.5197817635471589,-1.4804487280547851
16.65,-7.6,5.3374543746570895,1.5278597609281537,-1.3106510598042689
16.65,-7.65,5.338531884091509,1.5181583765609041,-1.3362269618422173
16.7,-7.65,5.337411512246037,1.5262246262306016,-1.196383137852234
16.7,-7.7,5.33848880479846,1.5165520761202191,-1.2177045003561238
16.75,-7.7,5.337369488580609,1.5246197797781853,-1.1004485313624124
16.75,-7.75,5.338446960910249,1.5149737845071494,-1.1185073970130903
16.8,-7.75,5.337329385213587,1.5230401999752046,-1.0187845294504683
16.8,-7.8,5.338406575577905,1.5134214344231542,-1.0342755191648154
16.85,-7.8,5.337291879690527,1.5214825434395798,-0.9484475627150386
16.85,-7.85,5.338370530475388,1.5118851577077286,-0.9619219063944212
16.9,-7.85,5.337257263429825,1.5199465498463385,-0.8872431847205268
16.9,-7.9,5.338334594891012,1.5103816209065417,-0.8990379363592539
16.95,-7.9,5.337226079196413,1.5184302688928164,-0.8335149066113247
17.0,-7.9,5.336122507720342,1.5264614312595404,-0.7768144763614622
17.0,-7.95,5.337193408443597,1.516952903008822,-0.7859206766879413
17.05,-7.95,5.336092034834301,1.5249812389587825,-0.7353220287875699
17.05,-8.0,5.337167659543091,1.5154809991626348,-0.7435564608405603
17.1,-8.0,5.336064825916254,1.5235212405103358,-0.6980846974530346
17.1,-8.05,5.337139077800058,1.5140531929662262,-0.7055159005315733
17.15,-8.05,5.3360424882226045,1.522074256716026,-0.6644936247895257
17.15,-8.1,5.337112247939668,1.5126509318960135,-0.671211636324201
17.2,-8.1,5.336019034754459,1.520665092337067,-0.6339948180817447
17.2,-8.15,5.337090318307759,1.511262240685647,-0.6401431464804298
17.25,-8.15,5.3359987234790465,1.5192759816771522,-0.6062189697464522
17.3,-8.15,5.3349094752251425,1.5272827754942901,-0.5756448394649331
17.3,-8.2,5.335975297135106,1.5179326604733439,-0.5807772707643888
17.35,-8.2,5.334892015839834,1.5259219463197802,-0.5526898343681212
17.35,-8.25,5.335959134361526,1.5165943296890507,-0.5574513225688167
17.4,-8.25,5.334874956242335,1.5245926351948973,-0.5315183265446926
17.4,-8.3,5.335946767160373,1.5152730128712832,-0.5359685895293234
17.45,-8.3,5.334865795845016,1.5232647290703119,-0.5119708157929277
17.45,-8.35,5.335933442854104,1.5139879687448796,-0.5160968013791267
17.5,-8.35,5.33485338973429,1.521981845167483,-0.4938158821695537
17.5,-8.4,5.335915508584842,1.5127537640264799,-0.4976479999976285
17.55,-8.4,5.334840762757198,1.5207327578620364,-0.47692595971794716
17.55,-8.45,5.335905991403478,1.5115189368643225,-0.4805322711751222
17.6,-8.45,5.334835886028779,1.519485778198188,-0.46120714492053816
17.65,-8.45,5.33375808109859,1.5274846247591942,-0.44329483913669987
17.65,-8.5,5.3348270365667,1.5182868737468733,-0.44649851582239464
17.7,-8.5,5.333756963547586,1.5262616171753538,-0.42972193415188514
17.7,-8.55,5.334820863449378,1.5171106529228675,-0.4327301653509678
17.75,-8.55,5.333761038414298,1.5250510090498806,-0.41699393749684527
17.75,-8.6,5.334823842213303,1.5159302710109221,-0.4198378822070359
17.8,-8.6,5.333758639235926,1.5238982056116892,-0.4049977237839863
17.8,-8.65,5.334817899284379,1.5148185423371154,-0.4076860840272531
17.85,-8.65,5.3337566083717665,1.5227764909474149,-0.3936950888851237
17.85,-8.7,5.334821568972353,1.5137007958457915,-0.39626798722686335
17.9,-8.7,5.333760217804093,1.5216652241952033,-0.38304361532989367
17.9,-8.75,5.334820935587069,1.5126328822727173,-0.3854826709955731
17.95,-8.75,5.333764915770681,1.5205827007207053,-0.37297735444191116
17.95,-8.8,5.334825462535222,1.5115766761846652,-0.37530344622493156
18.0,-8.8,5.333771195337319,1.5195260928731007,-0.3634516311102253
18.0,-8.85,5.334832809621818,1.5105423477143114,-0.3656771411558099
18.05,-8.85,5.333780711698765,1.5184889002540654,-0.35442837140686057
18.1,-8.85,5.332723122115557,1.5264588828687553,-0.3438044600164836
18.1,-8.9,5.333782866291903,1.5175127421913834,-0.3458455544311755
18.15,-8.9,5.332737290176463,1.5254421999987806,-0.335756389838749
18.15,-8.95,5.333798164931135,1.51651757070615,-0.33771900933671234
18.2,-8.95,5.332753958650854,1.5244478884247064,-0.32810070263100055
18.2,-9.0,5.333805149265426,1.5155872332450506,-0.3299670716856607
18.25,-9.0,5.332767402201935,1.5234983146800471,-0.32080012610745123
18.25,-9.05,5.333826105967884,1.5146347102567803,-0.32261173802326376
18.3,-9.05,5.332780593978231,1.5225817221537423,-0.3138355885146256
