U_In-5p,U_Sb-5p,Eg(eV)
-5.0,4.55,0.23507881362457295
-4.99,4.55,0.23607005619564259
-4.98,4.55,0.23706129876671223
-4.98,4.54,0.23376747675454124
-4.97,4.54,0.23475871932561088
-4.96,4.54,0.23574996195471343
-4.95,4.54,0.23674120452661485
-4.95,4.53,0.23344738248083274
-4.94,4.53,0.23443862505273394
-4.93,4.53,0.23542986757955275
-4.92,4.53,0.23642111015624545
-4.92,4.52,0.23312728808229188
-4.91,4.52,0.23411853071687205
-4.9,4.52,0.2351097732908014
-4.89,4.52,0.23610101586413923
-4.88,4.52,0.23709225843897963
-4.88,4.51,0.23379843639368159
-4.87,4.51,0.23478967899835745
-4.86,4.51,0.23576440490285355
-4.85,4.51,0.23676424846085475
-4.85,4.5,0.23348326112110795
-4.84,4.5,0.23448310468094968
-4.83,4.5,0.23548294823339955
-4.82,4.5,0.236482791800533
-4.82,4.49,0.23317039246235738
-4.81,4.49,0.23417258473647995
-4.8,4.49,0.23517477701729472
-4.79,4.49,0.2361769693040161
-4.79,4.48,0.2328983129718485
-4.78,4.48,0.23390050524933348
-4.77,4.48,0.23487596232544705
-4.76,4.48,0.2358725077801509
-4.75,4.48,0.23686905317334084
-4.75,4.47,0.23358867745964895
-4.74,4.47,0.23457242348220841
-4.73,4.47,0.23556136175001696
-4.72,4.47,0.2365503000178255
-4.72,4.46,0.23328017869127127
-4.71,4.46,0.2342017625255004
-4.7,4.46,0.2351860970990456
-4.69,4.46,0.23617043162896278
-4.68,4.46,0.2371547662381328
-4.68,4.45,0.23380400839774618
-4.67,4.45,0.23478834295518203
-4.66,4.45,0.2357676785616727
-4.65,4.45,0.23674320852898556
-4.65,4.44,0.23338367754022604
-4.64,4.44,0.2343592075284613
-4.63,4.44,0.235334737474852
-4.62,4.44,0.2363102674421651
-4.62,4.43,0.23301735692361025
-4.61,4.43,0.2340029045398222
-4.6,4.43,0.2349884521517287
-4.59,4.43,0.23597399976363564
-4.58,4.43,0.23698803491934317
-4.58,4.42,0.23354118575362426
-4.57,4.42,0.2345379062806121
-4.56,4.42,0.23553462680020032
-4.55,4.42,0.23653134732265935
-4.55,4.41,0.2330778400628588
-4.54,4.41,0.23408224784353449
-4.53,4.41,0.23508665562512943
-4.52,4.41,0.23609106340446728
-4.51,4.41,0.2371193374810805
-4.51,4.4,0.23377169045105806
-4.5,4.4,0.23477649800532707
-4.49,4.4,0.23578130554651655
-4.48,4.4,0.2367861130883684
-4.48,4.39,0.2334384661083213
-4.47,4.39,0.23444327364979944
-4.46,4.39,0.23541385831811223
-4.45,4.39,0.23641992070678186
-4.45,4.38,0.23316185722202998
-4.44,4.38,0.2341679196106996
-4.43,4.38,0.23518242430737235
-4.42,4.38,0.23619363668033388
-4.42,4.37,0.23293164279223122
-4.41,4.37,0.23394285515329138
-4.4,4.37,0.2349540675258035
-4.39,4.37,0.23596748210081198
-4.38,4.37,0.23698687353429748
-4.38,4.36,0.23371397197099975
-4.37,4.36,0.2347333633825741
-4.36,4.36,0.23574817516795155
-4.35,4.36,0.23677005893096803
-4.35,4.35,0.2335011416805839
-4.34,4.35,0.2345230254419861
-4.33,4.35,0.23554490920579196
-4.32,4.35,0.23656679296826733
-4.32,4.34,0.23330252946578756
-4.31,4.34,0.23432701963566727
-4.3,4.34,0.23535150980457442
-4.29,4.34,0.23637599997122338
-4.29,4.33,0.23310967922099612
-4.28,4.33,0.23413416938791975
-4.27,4.33,0.23516888867857633
-4.26,4.33,0.23619571199787193
-4.26,4.32,0.23293306435472294
-4.25,4.32,0.23395988767509635
-4.24,4.32,0.23498806603853728
-4.23,4.32,0.2360224018966801
-4.22,4.32,0.23705673775482294
-4.22,4.31,0.2337840785406642
-4.21,4.31,0.23481576158755635
-4.2,4.31,0.23585221497508857
-4.19,4.31,0.23688866835866595
-4.19,4.3,0.23362061764576159
-4.18,4.3,0.2346570710302931
-4.17,4.3,0.23569352441638824
-4.16,4.3,0.23673456528880288
-4.16,4.29,0.23346914342851965
-4.15,4.29,0.23450823627222372
-4.14,4.29,0.2355473291171153
-4.13,4.29,0.23658642196213098
-4.13,4.28,0.23332100010287093
-4.12,4.28,0.23437181543943897
-4.11,4.28,0.23541357882638247
-4.1,4.28,0.23645534221245068
-4.1,4.27,0.23319397473709547
-4.09,4.27,0.23423904691050246
-4.08,4.27,0.23528913761403603
-4.07,4.27,0.2363392283175696
-4.07,4.26,0.2330667433722977
-4.06,4.26,0.23411494932833232
-4.05,4.26,0.23516747898090773
-4.04,4.26,0.23622000863006543
-4.04,4.25,0.23295399738835498
-4.03,4.25,0.2340065270391365
-4.02,4.25,0.23505905668991778
-4.01,4.25,0.2361144122958434
-4.01,4.24,0.23285127412954787
-4.0,4.24,0.23390668854438657
-3.99,4.24,0.23496210296540054
-3.98,4.24,0.2360175173782939
-3.97,4.24,0.23707293179603695
-3.97,4.23,0.23381911007973732
-3.96,4.23,0.2348767445925184
-3.95,4.23,0.23593437908956183
-3.94,4.23,0.23699201359482092
-3.94,4.22,0.23373660714651767
-3.93,4.22,0.2348024027987714
-3.92,4.22,0.2358681984574582
-3.91,4.22,0.23693399411497773
-3.91,4.21,0.23366275784623802
-3.9,4.21,0.23473068381943274
-3.89,4.21,0.23579860979104805
-3.88,4.21,0.23686653576746375
-3.88,4.2,0.2336026343917963
-3.87,4.2,0.23467056036756961
-3.86,4.2,0.2357439041649363
-3.85,4.2,0.23681469564767954
-3.85,4.19,0.23355364665662615
-3.84,4.19,0.2346244381476541
-3.83,4.19,0.23569522962558254
-3.82,4.19,0.23676602111038458
-3.82,4.18,0.2335988415372776
-3.81,4.18,0.23468932089845906
-3.8,4.18,0.23577980028030954
-3.79,4.18,0.23687027966216023
-3.79,4.17,0.233598267497229
-3.78,4.17,0.2347119928820134
-3.77,4.17,0.23582571830545573
-3.76,4.17,0.2369394437345993
-3.76,4.16,0.23356055590137825
-3.75,4.16,0.23468812429277963
-3.74,4.16,0.23581569264588653
-3.73,4.16,0.23694326109040365
-3.73,4.15,0.23361373703842236
-3.72,4.15,0.23474130543325056
-3.71,4.15,0.2358880239039629
-3.7,4.15,0.23702199649311328
-3.7,4.14,0.23369884166663613
-3.69,4.14,0.23483281430851166
-3.68,4.14,0.23596678693943773
-3.67,4.14,0.23710075957742816
-3.67,4.13,0.23379301249117534
-3.66,4.13,0.23492859424739865
-3.65,4.13,0.2360641760033806
-3.64,4.13,0.23719975775936275
-3.64,4.12,0.23381155061404413
-3.63,4.12,0.23494623001652393
-3.62,4.12,0.23608090939685367
-3.61,4.12,0.23721558877211169
-3.61,4.11,0.2339409792731233
-3.6,4.11,0.23506613209688276
-3.59,4.11,0.23619128493016528
-3.59,4.1,0.2328823991124993
-3.58,4.1,0.234007551949849
-3.57,4.1,0.23513270478719872
-3.56,4.1,0.2362357503809278
-3.56,4.09,0.23293353114906856
-3.55,4.09,0.23406536017483437
-3.54,4.09,0.23519718922538768
-3.53,4.09,0.23632901823898322
-3.53,4.08,0.2330267989915087
-3.52,4.08,0.23412783531722114
-3.51,4.08,0.23525455643243953
-3.5,4.08,0.23638127755214322
-3.5,4.07,0.23310305323454994
-3.49,4.07,0.2342623718462853
-3.48,4.07,0.23537511172148773
-3.47,4.07,0.23648785159669017
-3.47,4.06,0.23322783038519268
-3.46,4.06,0.23434136112414516
-3.45,4.06,0.23545596916404565
-3.44,4.06,0.2365705772063207
-3.44,4.05,0.23331779238523342
-3.43,4.05,0.23443240042142932
-3.42,4.05,0.23554700845762522
-3.41,4.05,0.2366631359064768
-3.41,4.04,0.23341264736766965
-3.4,4.04,0.23452956188832896
-3.39,4.04,0.2356464764110937
-3.38,4.04,0.2367633909228688
-3.38,4.03,0.23351290238943112
-3.37,4.03,0.23463609502882732
-3.36,4.03,0.23575463926969276
-3.35,4.03,0.23687318350884623
-3.35,4.02,0.23362810659533806
-3.34,4.02,0.23474928643588666
-3.33,4.02,0.23587485718592305
-3.32,4.02,0.23700042793703546
-3.32,4.01,0.2337459707084406
-3.31,4.01,0.23487605216841478
-3.3,4.01,0.23600273153489248
-3.29,4.01,0.23712941089883444
-3.29,4.0,0.23388324149412387
-3.28,4.0,0.2350099208600056
-3.27,4.0,0.23613660022588756
-3.27,3.99,0.2328887165898197
-3.26,3.99,0.23401716542522455
-3.25,3.99,0.23514561426156355
-3.24,3.99,0.23627406309108556
-3.24,3.98,0.23302965829291522
-3.23,3.98,0.2341581071230585
-3.22,3.98,0.23530991488989872
-3.21,3.98,0.23644352800772506
-3.21,3.97,0.23320337418706183
-3.2,3.97,0.2343369873379375
-3.19,3.97,0.23547547178276673
-3.18,3.97,0.23662156935658296
-3.18,3.96,0.23336474616143232
-3.17,3.96,0.23451084371245523
-3.16,3.96,0.23564488241693882
-3.15,3.96,0.23679482362755522
-3.15,3.95,0.23353948965258442
-3.14,3.95,0.2346894308543619
-3.13,3.95,0.23583937205002692
-3.12,3.95,0.2369893132606975
-3.12,3.94,0.23374695843287374
-3.11,3.94,0.23490168021052193
-3.1,3.94,0.2360564019852942
-3.1,3.93,0.23280581335127315
-3.09,3.93,0.2339605351257492
-3.08,3.93,0.23511525687537804
-3.07,3.93,0.23628743542867348
-3.07,3.92,0.23304023578931177
-3.06,3.92,0.23419883572312616
-3.05,3.92,0.23533489232422244
-3.04,3.92,0.23650289631087573
-3.04,3.91,0.23324415363546325
-3.03,3.91,0.23441215762602385
-3.02,3.91,0.2355801616026123
-3.01,3.91,0.23675700251819465
-3.01,3.9,0.23349535861297643
-3.0,3.9,0.2346705527063111
-2.99,3.9,0.23584574680011228
-2.98,3.9,0.23702094089419345
-2.98,3.89,0.23375929699455344
-2.97,3.89,0.23493449109082953
-2.96,3.89,0.2361147655150979
-2.96,3.88,0.23285155676919134
-2.95,3.88,0.23403211170729965
-2.94,3.88,0.23521266664652618
-2.93,3.88,0.23639322159358755
-2.93,3.87,0.2331384608472038
-2.92,3.87,0.23432196934458926
-2.91,3.87,0.23550547784334608
-2.9,3.87,0.23668786389957752
-2.9,3.86,0.2334343963118739
-2.89,3.86,0.23461839957103003
-2.88,3.86,0.2358024028053951
-2.87,3.86,0.23698640606885513
-2.87,3.85,0.23373107690667605
-2.86,3.85,0.23491954973433948
-2.85,3.85,0.23610802255962082
-2.85,3.84,0.232859003231074
-2.84,3.84,0.23404747605921128
-2.83,3.84,0.23523594888412047
-2.82,3.84,0.23642442171064038
-2.82,3.83,0.23317160495452005
-2.81,3.83,0.2343598809417642
-2.8,3.83,0.23554815693080688
-2.79,3.83,0.2367364329185957
-2.79,3.82,0.2335048526535679
-2.78,3.82,0.23469787456093627
-2.77,3.82,0.235890896469785
-2.76,3.82,0.23708391838198417
-2.76,3.81,0.23383435239474704
-2.75,3.81,0.23502953307527297
-2.74,3.81,0.23622471375723397
-2.74,3.8,0.23298277623414554
-2.73,3.8,0.23417795691432297
-2.72,3.8,0.23537313759697498
-2.71,3.8,0.2365777037975696
-2.71,3.79,0.23333850193188854
-2.7,3.79,0.23453644709227728
-2.69,3.79,0.2357343922556645
-2.68,3.79,0.236932337414678
-2.68,3.78,0.23369313555576843
-2.67,3.78,0.23490672015226044
-2.66,3.78,0.2361082418010776
-2.66,3.77,0.23287351309424675
-2.65,3.77,0.23407503474381164
-2.64,3.77,0.23528397233814013
-2.63,3.77,0.23649720913905958
-2.63,3.76,0.2332467975423297
-2.62,3.76,0.23446003434099816
-2.61,3.76,0.2356635938881677
-2.6,3.76,0.23688130084692083
-2.6,3.75,0.23363704529117635
-2.59,3.75,0.23485475224426555
-2.58,3.75,0.23607245920566067
-2.58,3.74,0.23282820365425394
-2.57,3.74,0.23404591060934588
-2.56,3.74,0.23527478011081537
-2.55,3.74,0.23649631605745336
-2.55,3.73,0.23325585884480682
-2.54,3.73,0.2344773947947144
-2.53,3.73,0.23569893074389214
-2.52,3.73,0.23693500896553155
-2.52,3.72,0.23370020078819442
-2.51,3.72,0.23492515699783145
-2.5,3.72,0.23614243663559575
-2.5,3.71,0.23290653746180512
-2.49,3.71,0.23413610889613667
-2.48,3.71,0.23536568033046823
-2.47,3.71,0.2365952517600718
-2.47,3.7,0.23334959705198943
-2.46,3.7,0.23458774973085927
-2.45,3.7,0.23582590240872403
-2.44,3.7,0.237064055086589
-2.44,3.69,0.2338232965353675
-2.43,3.69,0.2350614492119678
-2.42,3.69,0.2362996018908392
-2.42,3.68,0.23306188164744546
-2.41,3.68,0.23430618952843818
-2.4,3.68,0.2355504974097158
-2.39,3.68,0.23679480528944152
-2.39,3.67,0.23355080121377403
-2.38,3.67,0.23479510909199686
-2.37,3.67,0.2359971207458893
-2.37,3.66,0.23277255532698615
-2.36,3.66,0.23398850358017387
-2.35,3.66,0.2352220611985898
-2.34,3.66,0.23645561880657073
-2.34,3.65,0.23321477785252376
-2.33,3.65,0.2344483354594077
-2.32,3.65,0.23568189306629184
-2.31,3.65,0.2369396190623162
-2.31,3.64,0.2337004774653847
-2.3,3.64,0.23493580931474456
-2.29,3.64,0.2361711411550974
-2.29,3.63,0.23293199957154975
-2.28,3.63,0.2341673314207927
-2.27,3.63,0.23544531092569976
-2.26,3.63,0.23668926502103727
-2.26,3.62,0.2334572973195983
-2.25,3.62,0.23470096785286776
-2.24,3.62,0.23594463838111923
-2.23,3.62,0.23718830892156673
-2.23,3.61,0.2339603134471273
-2.22,3.61,0.23520398397488107
-2.21,3.61,0.23646116054642585
-2.21,3.6,0.23322476512804646
-2.2,3.6,0.23448551583549482
-2.19,3.6,0.23574626653936093
-2.18,3.6,0.23700701721708917
-2.18,3.59,0.23377062183992692
-2.17,3.59,0.23503137251894568
-2.16,3.59,0.23630515573120348
-2.16,3.58,0.23306426520833412
-2.15,3.58,0.23434424081640626
-2.14,3.58,0.23562421642730946
-2.13,3.58,0.23690419203043556
-2.13,3.57,0.23367340627332278
-2.12,3.57,0.23495687996051906
-2.11,3.57,0.23624035364536589
-2.11,3.56,0.232998884102123
-2.1,3.56,0.2342846143225189
-2.09,3.56,0.2355703445416567
-2.08,3.56,0.23685607476719472
-2.08,3.55,0.23362264883881012
-2.07,3.55,0.234908379060784
-2.06,3.55,0.23619593592817067
-2.06,3.54,0.23296590610347234
-2.05,3.54,0.23425504963220645
-2.04,3.54,0.23554419315811392
-2.03,3.54,0.23683333669251772
-2.03,3.53,0.2336033068627894
-2.02,3.53,0.2349017976311496
-2.01,3.53,0.23619320753679152
-2.01,3.52,0.2329592724257048
-2.0,3.52,0.23425400387298323
-1.99,3.52,0.23554873531920262
-1.98,3.52,0.2368434667656527
-1.98,3.51,0.23361778299151337
-1.97,3.51,0.23491251444028172
-1.96,3.51,0.23621317334696879
-1.96,3.5,0.23298530094052983
-1.95,3.5,0.23428523639604326
-1.94,3.5,0.23558517184936878
-1.93,3.5,0.23688510730176937
-1.93,3.49,0.23365723489948498
-1.92,3.49,0.23495717035313202
-1.91,3.49,0.2362794910319559
-1.91,3.48,0.23304592458955709
-1.9,3.48,0.23435506745262347
-1.89,3.48,0.23566421032057328
-1.88,3.48,0.23697335318982637
-1.88,3.47,0.2337566920407812
-1.87,3.47,0.23507173534940962
-1.86,3.47,0.23638677865404079
-1.86,3.46,0.2331442963350573
-1.85,3.46,0.234462679320661
-1.84,3.46,0.23578106230614182
-1.83,3.46,0.2370994452964118
-1.83,3.45,0.23386890369442093
-1.82,3.45,0.23518728668193023
-1.81,3.45,0.23650951011592136
-1.81,3.44,0.23328305238629077
-1.8,3.44,0.2346055469309637
-1.79,3.44,0.23592804147194224
-1.78,3.44,0.23725053602599389
-1.78,3.43,0.23402407829517602
-1.77,3.43,0.23540060137862917
-1.76,3.43,0.23673472199891954
-1.76,3.42,0.23345991787417852
-1.75,3.42,0.23480732234158241
-1.74,3.42,0.23615472681449534
-1.74,3.41,0.23290711905347938
-1.73,3.41,0.234254523519432
-1.72,3.41,0.23560192798777047
-1.71,3.41,0.23695945231000026
-1.71,3.4,0.2337022788338865
-1.7,3.4,0.23506750393220122
-1.69,3.4,0.23643272901466683
-1.69,3.39,0.233175555565735
-1.68,3.39,0.23454078064140038
-1.67,3.39,0.23590600573250198
-1.66,3.39,0.2372533979839151
-1.66,3.38,0.23400004764652382
-1.65,3.38,0.23536645479142893
-1.64,3.38,0.23673286193959964
-1.64,3.37,0.23347951159357683
-1.63,3.37,0.234845918736455
-1.62,3.37,0.23618348485570195
-1.62,3.36,0.2329328006416791
-1.61,3.36,0.2343123286497013
-1.6,3.36,0.23567072594762173
-1.59,3.36,0.23702912324554193
-1.59,3.35,0.23379703594270085
-1.58,3.35,0.23515543324797128
-1.57,3.35,0.23651383055376374
-1.57,3.34,0.2332859524440679
-1.56,3.34,0.23464250978526713
-1.55,3.34,0.23599906712646668
-1.55,3.33,0.23276512172637198
-1.54,3.33,0.23412167906137138
-1.53,3.33,0.23547823639669274
-1.53,3.32,0.23274341467892246
-1.52,3.32,0.23423920252196795
-1.51,3.32,0.23573499073786197
-1.5,3.32,0.23681135616969184
-1.5,3.31,0.23323787679741748
-1.49,3.31,0.23485670350972798
-1.48,3.31,0.2364755302220386
-1.48,3.3,0.2329020508816999
-1.47,3.3,0.23452087761677454
-1.46,3.3,0.23615026022555985
-1.46,3.29,0.232469855867816
-1.45,3.29,0.23428915302645992
-1.44,3.29,0.23610845016255477
-1.44,3.28,0.23242804612458468
-1.43,3.28,0.2342473432079617
-1.42,3.28,0.23596200306799808
-1.42,3.27,0.23229071952550118
-1.41,3.27,0.23416267119902234
-1.4,3.27,0.23603462200973535
-1.39,3.27,0.237706147381894
-1.39,3.26,0.23351079027056243
-1.38,3.26,0.2354703237178455
-1.37,3.26,0.23742985711897147
-1.37,3.25,0.23301805416076782
-1.36,3.25,0.23516905081388018
-1.35,3.25,0.23732004742958424
-1.35,3.24,0.2330166575690269
-1.34,3.24,0.23516765367896708
-1.33,3.24,0.23731865075000758
-1.33,3.23,0.2330152608627858
-1.32,3.23,0.23465762780651178
-1.31,3.23,0.2364098546357336
-1.31,3.22,0.23240546834544729
-1.3,3.22,0.23415769578022538
-1.29,3.22,0.23652303366364147
-1.29,3.21,0.23301486937180105
-1.28,3.21,0.23468159162980418
-1.27,3.21,0.23634831372677478
-1.27,3.2,0.23302413522881504
-1.26,3.2,0.23444798360673813
-1.25,3.2,0.23587183198484984
-1.24,3.2,0.23729568036212612
-1.24,3.19,0.23390937292751723
-1.23,3.19,0.23533322112417465
-1.22,3.19,0.2367570693208323
-1.22,3.18,0.23290112832787147
-1.21,3.18,0.23404793812543212
-1.2,3.18,0.23519474804624485
-1.19,3.18,0.2363415580198851
-1.19,3.17,0.23319597557339966
-1.18,3.17,0.2343427853499408
-1.18,3.18,0.2356742440765186
-1.17,3.18,0.2364678016729561
-1.17,3.17,0.234136571362354
-1.16,3.17,0.2349301281585151
-1.16,3.16,0.23368974595603048
-1.15,3.16,0.23419769195874396
-1.14,3.16,0.23470563793214966
-1.13,3.16,0.23521358397504322
-1.12,3.16,0.2357215299938309
-1.11,3.16,0.2361358023558105
-1.11,3.15,0.23385182903820484
-1.1,3.15,0.2343358507929017
-1.09,3.15,0.23481987254759867
-1.08,3.15,0.23530389425188114
-1.07,3.15,0.2357879160162728
-1.07,3.14,0.23491806652554592
-1.06,3.14,0.23568516017160035
-1.05,3.14,0.23645225256337254
-1.05,3.13,0.23410287037377864
-1.04,3.13,0.2348699626137567
-1.04,3.12,0.23315897920048312
-1.03,3.12,0.23454778854552671
-1.02,3.12,0.23593659750608864
-1.02,3.11,0.23275067200673294
-1.01,3.11,0.2335815911212965
-1.0,3.11,0.23517228561405046
-0.99,3.11,0.23676298015837327
-0.99,3.1,0.23373818923484246
-0.98,3.1,0.23532888372716765
-0.97,3.1,0.2369195782194926
-0.97,3.09,0.23324573953142413
-0.96,3.09,0.23492774688728457
-0.95,3.09,0.23660975424314512
-0.95,3.08,0.23368162229850864
-0.94,3.08,0.23536362965411706
-0.93,3.08,0.23710536740933663
-0.93,3.07,0.23388425474663954
-0.92,3.07,0.23559576085152045
-0.91,3.07,0.2373072669709988
-0.91,3.06,0.23300611898605172
-0.9,3.06,0.23503081852359542
-0.89,3.06,0.23705551806113923
-0.89,3.05,0.23345930218152844
-0.88,3.05,0.23548400157043892
-0.87,3.05,0.23750870110799616
-0.87,3.04,0.23425342219082157
-0.86,3.04,0.23580326501406434
-0.85,3.04,0.23735310782727348
-0.85,3.03,0.23410996640082216
-0.84,3.03,0.23565980919228025
-0.83,3.03,0.23720965187450038
-0.83,3.02,0.23412096057834775
-0.82,3.02,0.23559277769118492
-0.81,3.02,0.23706459480494768
-0.81,3.01,0.2337629635383398
-0.8,3.01,0.2352453672815411
-0.79,3.01,0.23670195098719027
-0.79,3.0,0.2335079154776979
-0.78,3.0,0.2349644991881752
-0.77,3.0,0.2364210828986525
-0.77,2.99,0.23322950007401178
-0.76,2.99,0.23469147686243885
-0.75,2.99,0.23615345365093654
-0.75,2.98,0.23296480138775344
-0.74,2.98,0.23442677817450053
-0.73,2.98,0.23588875496293404
-0.73,2.97,0.23271958723481034
-0.72,2.97,0.2341864987080623
-0.71,2.97,0.23565341017497754
-0.7,2.97,0.23709996741766548
-0.7,2.96,0.23390503219315184
-0.69,2.96,0.2353818001039245
-0.68,2.96,0.2368585680142139
-0.68,2.95,0.23366363278326951
-0.67,2.95,0.235140400698018
-0.66,2.95,0.2366216075305011
-0.66,2.94,0.2334234908942059
-0.65,2.94,0.23490744015534082
-0.64,2.94,0.23639138941647597
-0.64,2.93,0.2331932727863475
-0.63,2.93,0.23467722204495578
-0.62,2.93,0.23615556106207924
-0.62,2.92,0.23295836225567523
-0.61,2.92,0.23444411649870722
-0.6,2.92,0.23592987076473892
-0.6,2.91,0.23274185033557626
-0.59,2.91,0.23422632896577134
-0.58,2.91,0.23571080759604557
-0.57,2.91,0.23719528622505814
-0.57,2.9,0.23400775451804767
-0.56,2.9,0.23549682456603627
-0.55,2.9,0.23698589461374397
-0.55,2.89,0.23379499761110156
-0.54,2.89,0.2352840676575606
-0.53,2.89,0.236773137703722
-0.53,2.88,0.23358224070585332
-0.52,2.88,0.23508177624543125
-0.51,2.88,0.23657964235360218
-0.51,2.87,0.23338241723035824
-0.5,2.87,0.23488028333658628
-0.49,2.87,0.23638437619008157
-0.49,2.86,0.23320232104476346
-0.48,2.86,0.23469765422041566
-0.47,2.86,0.23619298739242678
-0.47,2.85,0.23300711946014374
-0.46,2.85,0.23451079201645442
-0.45,2.85,0.23601446456063313
-0.45,2.84,0.23282859092042263
-0.44,2.84,0.23433226347161729
-0.43,2.84,0.23583593601051045
-0.42,2.84,0.23733960855231584
-0.42,2.83,0.23415144027812784
-0.41,2.83,0.23566416141589464
-0.4,2.83,0.23717688255366143
-0.4,2.82,0.23398826154864294
-0.39,2.82,0.23550351776818423
-0.38,2.82,0.23701476096807528
-0.38,2.81,0.23383502316304194
-0.37,2.81,0.23534626636123102
-0.36,2.81,0.23686252605092895
-0.36,2.8,0.233679299234534
-0.35,2.8,0.2351973533575198
-0.34,2.8,0.23671540748519138
-0.34,2.79,0.2335321806610946
-0.33,2.79,0.23505023478856646
-0.32,2.79,0.23656828891476733
-0.32,2.78,0.23339024319288848
-0.31,2.78,0.2349149534647509
-0.3,2.78,0.23643966373923297
-0.3,2.77,0.23325246016079826
-0.29,2.77,0.23478095267493715
-0.28,2.77,0.236303761858504
-0.28,2.76,0.23312797383693118
-0.27,2.76,0.23465078302160425
-0.26,2.76,0.23617894406622375
-0.26,2.75,0.23299948554550864
-0.25,2.75,0.23452946223105897
-0.24,2.75,0.23605943891349945
-0.24,2.74,0.23287998039518687
-0.23,2.74,0.2344099570795185
-0.22,2.74,0.23593993376018751
-0.22,2.73,0.23276414112739607
-0.21,2.73,0.23430165433038697
-0.2,2.73,0.23583916753424328
-0.2,2.72,0.2326558588720644
-0.19,2.72,0.2341988761602406
-0.18,2.72,0.23573415486477123
-0.17,2.72,0.23726943357434105
-0.17,2.71,0.2340995231145213
-0.16,2.71,0.23564328699765924
-0.15,2.71,0.23718688429306956
-0.15,2.7,0.23401314895220027
-0.14,2.7,0.23555674624761058
-0.13,2.7,0.23710034355794818
-0.13,2.69,0.23392660820549993
-0.12,2.69,0.2354702055104232
-0.11,2.69,0.2370343041029921
-0.11,2.68,0.2338554034227428
-0.1,2.68,0.23540839230016264
-0.09,2.68,0.2369613811787823
-0.09,2.67,0.23379836221104422
-0.08,2.67,0.2353462578419131
-0.07,2.67,0.2368941534825345
-0.07,2.66,0.2337457448615461
-0.06,2.66,0.23529470081313897
-0.05,2.66,0.23685101674625697
-0.05,2.65,0.23369721917168473
-0.04,2.65,0.2352535351013083
-0.03,2.65,0.23680985102185292
-0.03,2.64,0.2336560534621297
-0.02,2.64,0.23521236939373624
-0.01,2.64,0.23677874506415453
-0.01,2.63,0.23362226292456578
0.0,2.63,0.23518595428979427
0.01,2.63,0.23674964565648593
0.01,2.62,0.23356715735066302
0.02,2.62,0.23513272880556746
0.03,2.62,0.23669830025980265
0.03,2.61,0.23353086177699633
0.04,2.61,0.2350962330584957
0.05,2.61,0.2366622739021098
0.05,2.6,0.23349448230644732
0.06,2.6,0.2350605231529409
0.07,2.6,0.2366265640040347
0.07,2.59,0.23345877240041724
0.08,2.59,0.23502481325177027
0.09,2.59,0.23661366792335703
0.09,2.58,0.23344054603957975
0.1,2.58,0.23501054344661187
0.11,2.58,0.23658054085379288
0.11,2.57,0.2334335382099515
0.12,2.57,0.23500257437691974
0.13,2.57,0.23657161054065634
0.13,2.56,0.233403977287841
0.14,2.56,0.23498181064194668
0.15,2.56,0.23656489979419804
0.15,2.55,0.2333895937149043
0.16,2.55,0.2349726828671097
0.17,2.55,0.23655577205899625
0.17,2.54,0.23338046596949258
0.18,2.54,0.2349635551258733
0.19,2.54,0.23655396680236118
0.19,2.53,0.23337663255709296
0.2,2.53,0.23496721010414756
0.21,2.53,0.23655778764947655
0.21,2.52,0.23335255809215028
0.22,2.52,0.2349440532645689
0.23,2.52,0.23653554843863533
0.23,2.51,0.23335291298784444
0.24,2.51,0.23495824488803085
0.25,2.51,0.23655602804282017
0.25,2.5,0.23337190636893856
0.26,2.5,0.2349696895213632
0.27,2.5,0.23656747266851885
0.27,2.49,0.2333833510027692
0.28,2.49,0.2349811341470236
0.29,2.49,0.2366156974756124
0.29,2.48,0.2334228179251392
0.3,2.48,0.23503121193727272
0.31,2.48,0.23663960594929667
0.31,2.47,0.23348177951804172
0.32,2.47,0.2350867031516487
0.33,2.47,0.23669162681721423
0.33,2.46,0.23351949242057413
0.34,2.46,0.23512908874180438
0.35,2.46,0.23675145304732947
0.35,2.45,0.23356844241699493
0.36,2.45,0.235190806749501
0.37,2.45,0.23681317107013566
0.37,2.44,0.23363016043242413
0.38,2.44,0.23525252475830938
0.39,2.44,0.23688120640715205
0.39,2.43,0.23369625765574442
0.4,2.43,0.23533057108001998
0.41,2.43,0.2369648844967197
0.41,2.42,0.23376897647892203
0.42,2.42,0.23540057309924056
0.43,2.42,0.2370321697168113
0.43,2.41,0.23386356100805394
0.44,2.41,0.23550863953302315
0.45,2.41,0.23714320603544126
0.45,2.4,0.2339752558932009
0.46,2.4,0.23560982239973782
0.47,2.4,0.23724438889849875
0.47,2.39,0.23407643875740214
0.48,2.39,0.23571100525806732
0.49,2.39,0.23734579822014623
0.49,2.38,0.23417771904341012
0.5,2.38,0.23581428022332596
0.5,2.37,0.23264620104818767
0.51,2.37,0.23429858170494577
0.52,2.37,0.23593239668148158
0.52,2.36,0.23278087869753883
0.53,2.36,0.2344146936788325
0.54,2.36,0.23604767317560782
0.54,2.35,0.23289111965234244
0.55,2.35,0.2345320492212304
0.56,2.35,0.23617297879257637
0.56,2.34,0.23301642526224942
0.57,2.34,0.2346573548340235
0.58,2.34,0.23629828439856115
0.58,2.33,0.23313722516907653
0.59,2.33,0.23477886489277255
0.6,2.33,0.23642050461653502
0.6,2.32,0.2332650182182458
0.61,2.32,0.2349079233679809
0.62,2.32,0.23654622843362128
0.62,2.31,0.23341075176148873
0.63,2.31,0.23504905682673521
0.64,2.31,0.23669962821452478
0.64,2.3,0.2335676437238886
0.65,2.3,0.23520442443386985
0.66,2.3,0.23684120515256285
0.66,2.29,0.23370922065315308
0.67,2.29,0.23534600137135153
0.68,2.29,0.2369827820849174
0.68,2.28,0.23385561998730997
0.69,2.28,0.23549998185448673
0.7,2.28,0.23714434372297444
0.7,2.27,0.234008474244927
0.71,2.27,0.23565721079659863
0.72,2.27,0.23729912769068856
0.72,2.26,0.23417795769452027
0.73,2.26,0.2358198745852273
0.73,2.25,0.23269555259827607
0.74,2.25,0.2343461268123258
0.75,2.25,0.23599670101079706
0.75,2.24,0.23287144508054014
0.76,2.24,0.23452201928448368
0.77,2.24,0.2361725934872292
0.77,2.23,0.23304733755574802
0.78,2.23,0.2347152929907253
0.79,2.23,0.23638164486270863
0.79,2.22,0.23324627681296783
0.8,2.22,0.2349126286885812
0.81,2.22,0.23658313061287845
0.81,2.21,0.233463297452065
0.82,2.21,0.2351270633792284
0.83,2.21,0.2367908293080102
0.83,2.2,0.23364950931096556
0.84,2.2,0.23532437446361365
0.85,2.2,0.2369992396224816
0.85,2.19,0.23387122547690686
0.86,2.19,0.23554609062977871
0.87,2.19,0.23722095578610347
0.87,2.18,0.2340929416353852
0.88,2.18,0.23576207659482828
0.88,2.17,0.2326344940126564
0.89,2.17,0.23431323379998314
0.9,2.17,0.2359919735950743
0.9,2.16,0.23288470571766595
0.91,2.16,0.23456192785334534
0.92,2.16,0.23623914998899714
0.92,2.15,0.23312084418302742
0.93,2.15,0.23479806631980443
0.94,2.15,0.23647835349023516
0.94,2.14,0.23335751780687863
0.95,2.14,0.23503993966315523
0.96,2.14,0.2367223615199257
0.96,2.13,0.23360152583476468
0.97,2.13,0.23530177573590572
0.98,2.13,0.23698133044923764
0.98,2.12,0.23386961112130122
0.99,2.12,0.235549165834672
1.0,2.12,0.23722872054847916
1.0,2.11,0.23411784344317055
1.01,2.11,0.23579948140560641
1.01,2.1,0.23269635071978412
1.02,2.1,0.23437798868372856
1.03,2.1,0.2360596266477828
1.03,2.09,0.23295028484519875
1.04,2.09,0.23463676634672126
1.05,2.09,0.23632324784819814
1.05,2.08,0.23321653810631626
1.06,2.08,0.2349030196084656
1.07,2.08,0.23657654019158092
1.07,2.07,0.23346514067355795
1.08,2.07,0.2351526705441983
1.09,2.07,0.23684020040791803
1.09,2.06,0.2337288008957763
1.1,2.06,0.2354750367896109
1.11,2.06,0.23717614622271932
1.11,2.05,0.23406006883137825
1.12,2.05,0.23576117824231047
1.12,2.04,0.23264510085775908
1.13,2.04,0.23434621026292457
1.14,2.04,0.23610214971200938
1.14,2.03,0.2329736372347062
1.15,2.03,0.23469346618359277
1.16,2.03,0.23641329513094206
1.16,2.02,0.23331860593348053
1.17,2.02,0.23503094205810315
1.18,2.02,0.23674327817351204
1.18,2.01,0.23366046760039705
1.19,2.01,0.23533530625983867
1.2,2.01,0.23705910898398308
1.2,2.0,0.2339605601921273
1.21,2.0,0.23568436291141026
1.22,2.0,0.23740816561622763
1.22,1.99,0.23430961684989504
1.23,1.99,0.2360334195580972
1.23,1.98,0.23290160103812219
1.24,1.98,0.23462205478399967
1.25,1.98,0.23634250853442423
1.25,1.97,0.23325450859785107
1.26,1.97,0.23496559457075317
1.27,1.97,0.2366875092715232
1.27,1.96,0.2335904755676324
1.28,1.96,0.23531239027801937
1.29,1.96,0.23705938171687901
1.29,1.95,0.23398134410753862
1.3,1.95,0.23568386874777536
1.31,1.95,0.23738639338607476
1.31,1.94,0.23430835577701403
1.32,1.94,0.23601088041210033
1.32,1.93,0.23293284280731796
1.33,1.93,0.23466294731965076
1.34,1.93,0.23637344715476383
1.34,1.92,0.23328519696287242
1.35,1.92,0.234995696792706
1.36,1.92,0.23671018308161795
1.36,1.91,0.23364217776857688
1.37,1.91,0.23534928666370059
1.38,1.91,0.2370563955517171
1.38,1.9,0.23394984628869542
1.39,1.9,0.23567816233474548
1.39,1.89,0.2325944898054222
1.4,1.89,0.23432280585307175
1.41,1.89,0.23605112189830496
1.41,1.88,0.23296744936725694
1.42,1.88,0.23469965226077438
1.43,1.88,0.23642880974968694
1.43,1.87,0.23334965853797002
1.44,1.87,0.23507881602866326
1.45,1.87,0.23680797352019434
1.45,1.86,0.23373915380836413
1.46,1.86,0.23547114080190812
1.47,1.86,0.2372031277944881
1.47,1.85,0.2341280512428191
1.48,1.85,0.2358600382345477
1.48,1.84,0.23277870290319436
1.49,1.84,0.23451744323061102
1.5,1.84,0.23625618355802763
1.5,1.83,0.23317607139585161
1.51,1.83,0.23491481172227635
1.52,1.83,0.23664993469868573
1.52,1.82,0.23357078665958403
1.53,1.82,0.23531136681784015
1.54,1.82,0.23705194697601928
1.54,1.81,0.23397279893780165
1.55,1.81,0.23571396190405702
1.55,1.8,0.23263694822928754
1.56,1.8,0.23437779330131908
1.57,1.8,0.23611863837168162
1.57,1.79,0.23304162469654827
1.58,1.79,0.23478246976771466
1.59,1.79,0.23652678936263144
1.59,1.78,0.23344901648754296
1.6,1.78,0.23519150641724706
1.61,1.78,0.23693399634726292
1.61,1.77,0.23386257949804207
1.62,1.77,0.23560432437747325
1.63,1.77,0.23734606925548724
1.63,1.76,0.2342730253204498
1.64,1.76,0.23602408766264082
1.64,1.75,0.23295105812406158
1.65,1.75,0.234695376614092
1.66,1.75,0.23643969510412238
1.66,1.74,0.23336666556407115
1.67,1.74,0.23511098405258424
1.68,1.74,0.2368553025437331
1.68,1.73,0.23378583970849598
1.69,1.73,0.23553735565146644
1.7,1.73,0.2372888715906596
1.7,1.72,0.2342128674918662
1.71,1.72,0.23597295440115085
1.71,1.71,0.23291377475538666
1.72,1.71,0.2346625134470134
1.73,1.71,0.23641125213633063
1.73,1.7,0.23335186751968612
1.74,1.7,0.2351075664611768
1.75,1.7,0.23686326540365038
1.75,1.69,0.23380097706664865
1.76,1.69,0.2355566760068113
1.77,1.69,0.2373123749538701
1.77,1.68,0.23425292638934592
1.78,1.68,0.23601087892544975
1.78,1.67,0.23295439046747807
1.79,1.67,0.23471234300387667
1.8,1.67,0.2364702955420948
1.8,1.66,0.23341523943533943
1.81,1.66,0.23517432897592888
1.82,1.66,0.23693341851535932
1.82,1.65,0.23388276550400922
1.83,1.65,0.23564185504504404
1.84,1.65,0.23741101215725113
1.84,1.64,0.23435467423123413
1.85,1.64,0.2361213506725156
1.85,1.63,0.2330650127453277
1.86,1.63,0.23483168918802594
1.87,1.63,0.23659655051186068
1.87,1.62,0.23354116661895968
1.88,1.62,0.23530920343316114
1.89,1.62,0.23707724024777654
1.89,1.61,0.2340218563545558
1.9,1.61,0.23579363596425496
1.9,1.6,0.232738876990303
1.91,1.6,0.23450779447996345
1.92,1.6,0.2362767119693836
1.92,1.59,0.23322195299644521
1.93,1.59,0.2349908704859912
1.94,1.59,0.2367711345684892
1.94,1.58,0.2337139337805605
1.95,1.58,0.23548667703907245
1.96,1.58,0.23725942029973385
1.96,1.57,0.23424280922461538
1.97,1.57,0.23600825929476899
1.97,1.56,0.23299636603553198
1.98,1.56,0.23476181610772645
1.99,1.56,0.2365552288061163
1.99,1.55,0.23353906101086241
2.0,1.55,0.2353179983540451
2.01,1.55,0.23709693570971896
2.01,1.54,0.23408076788694882
2.02,1.54,0.23585970524201572
2.02,1.53,0.23284353744571828
2.03,1.53,0.2346280224913606
2.04,1.53,0.23642259796304688
2.04,1.52,0.2334007602951288
2.05,1.52,0.23519533574598545
2.06,1.52,0.23696325979004879
2.06,1.51,0.23397162157908485
2.07,1.51,0.23576075609066555
2.07,1.5,0.23276911787864624
2.08,1.5,0.23455825239082967
2.09,1.5,0.2363364178930834
2.09,1.49,0.2333399001793171
2.1,1.49,0.23513388152679293
2.11,1.49,0.23692786287417156
2.11,1.48,0.23393134516022202
2.12,1.48,0.23570743395161792
2.12,1.47,0.2327016462363835
2.13,1.47,0.2344979387730155
2.14,1.47,0.23629423131466737
2.14,1.46,0.23328844359755546
2.15,1.46,0.2351030999082407
2.16,1.46,0.236901631158774
2.16,1.45,0.23388549536056508
2.17,1.45,0.23568402661136656
2.17,1.44,0.23266789081312833
2.18,1.44,0.23446642206378715
2.19,1.44,0.2362749423898906
2.19,1.43,0.23325065785916888
2.2,1.43,0.23506005634552707
2.21,1.43,0.23686945483284833
2.21,1.42,0.2338561538819825
2.22,1.42,0.23566773781586714
2.22,1.41,0.23264916806084152
2.23,1.41,0.2344607519945886
2.24,1.41,0.23627233593107294
2.24,1.4,0.23326258111655024
2.25,1.4,0.23507514395942614
2.26,1.4,0.23688770680002685
2.26,1.39,0.23387563394756805
2.27,1.39,0.23568819679091485
2.27,1.38,0.23268111342320863
2.28,1.38,0.23449542436687137
2.29,1.38,0.23630973531103844
2.29,1.37,0.2333038100423766
2.3,1.37,0.23511812098661494
2.31,1.37,0.236935822060518
2.31,1.36,0.23393641191413367
2.32,1.36,0.23575296646242339
2.32,1.35,0.23275355631954037
2.33,1.35,0.2345701108708534
2.34,1.35,0.23641621366462184
2.34,1.34,0.23340410173433263
2.35,1.34,0.23523759983893877
2.36,1.34,0.23707109794349646
2.36,1.33,0.2340589860129973
2.37,1.33,0.23591116824540143
2.37,1.32,0.23291095199812628
2.38,1.32,0.2347480469523759
2.39,1.32,0.23658514190679414
2.39,1.31,0.23358492565551686
2.4,1.31,0.23542290295567836
2.41,1.31,0.237260621931556
2.41,1.3,0.2342732710962167
2.42,1.3,0.23611099007544079
2.42,1.29,0.23312363922941143
2.43,1.29,0.2349613582067669
2.44,1.29,0.23680487415912826
2.44,1.28,0.23381637328467325
2.45,1.28,0.2356618101422822
2.45,1.27,0.2326733092678272
2.46,1.27,0.2345080229037197
2.47,1.27,0.2363511921233583
2.47,1.26,0.23337522644251135
2.48,1.26,0.23521839566270297
2.49,1.26,0.23705302285470492
2.49,1.25,0.234074888464346
2.5,1.25,0.2359185667695224
2.5,1.24,0.23294043237865147
2.51,1.24,0.23478411068418603
2.52,1.24,0.23662778898745251
2.52,1.23,0.23364748336176522
2.53,1.23,0.23549004775800136
2.54,1.23,0.2373326121556173
2.54,1.22,0.23435134331642465
2.55,1.22,0.23619390771220689
2.55,1.21,0.23322212699668993
2.56,1.21,0.2350660757315377
2.57,1.21,0.23691002446802018
2.57,1.2,0.23392510795814725
2.58,1.2,0.23576905669326997
2.58,1.19,0.23281644815083385
2.59,1.19,0.23470817360781954
2.6,1.19,0.23659989906480522
2.6,1.18,0.23357929110199593
2.61,1.18,0.2354710165449138
2.62,1.18,0.2373880975509995
2.62,1.17,0.23438797742559098
2.63,1.17,0.23628875044899245
2.63,1.16,0.23328863032216102
2.64,1.16,0.23518940333328192
2.65,1.16,0.23705613494910677
2.65,1.15,0.23407383340325666
2.66,1.15,0.23596755303937567
2.66,1.14,0.23298525150039334
2.67,1.14,0.23487897112974293
2.68,1.14,0.2367535338968879
2.68,1.13,0.23376430993903458
2.69,1.13,0.23567297152878264
2.69,1.12,0.232683747543463
2.7,1.12,0.23459240913671592
2.71,1.12,0.236463236318473
2.71,1.11,0.2334711967208128
2.72,1.11,0.23537316680188225
2.73,1.11,0.23727513690182617
2.73,1.1,0.23424813414746903
2.74,1.1,0.23612668424849137
2.74,1.09,0.2331521195880572
2.75,1.09,0.2350306696750385
2.76,1.09,0.23690921974640577
2.76,1.08,0.2339346551328051
2.77,1.08,0.23584994008716798
2.77,1.07,0.2328710707116074
2.78,1.07,0.23473195625559024
2.79,1.07,0.23659284179933154
2.79,1.06,0.233613972423229
2.8,1.06,0.23544962225212857
2.81,1.06,0.23730506433599646
2.81,1.05,0.2343319797316724
2.82,1.05,0.23618742183621366
2.82,1.04,0.2332143372297828
2.83,1.04,0.23506977932657747
2.84,1.04,0.23692533220268336
2.84,1.03,0.23395222166082957
2.85,1.03,0.23580744287583705
2.85,1.02,0.23283433233499234
2.86,1.02,0.23471955832829638
2.87,1.02,0.23656977381167887
2.87,1.01,0.23362793978572766
2.88,1.01,0.2354781552687626
2.89,1.01,0.23733292975849024
2.89,1.0,0.23439351870260372
2.9,1.0,0.23624179924751565
2.9,0.99,0.23330238819039
2.91,0.99,0.23515066873633939
2.92,0.99,0.23699894928114573
2.92,0.98,0.23403109826088558
2.93,0.98,0.23588454909824091
2.93,0.97,0.2329329257415224
2.94,0.97,0.23478637658743395
2.95,0.97,0.23663982743395007
2.95,0.96,0.23368460638579341
2.96,0.96,0.23553817570868135
2.97,0.96,0.23739174503156935
2.97,0.95,0.23444754092442716
2.98,0.95,0.23630111024926598
2.98,0.94,0.23336289302092994
2.99,0.94,0.23523677557902956
3.0,0.94,0.23711065814182042
3.0,0.93,0.23415126479208137
3.01,0.93,0.2360251473618219
3.01,0.92,0.23307871766169908
3.02,0.92,0.23495117242082642
3.03,0.92,0.2368236271641722
3.03,0.91,0.233866485659859
3.04,0.91,0.23573894041085564
3.04,0.9,0.2327972932745498
3.05,0.9,0.23467748251859022
3.06,0.9,0.23655767176263065
3.06,0.89,0.23358731020820772
3.07,0.89,0.23546749946691475
3.08,0.89,0.23734485967707059
3.08,0.88,0.23438742084284697
3.09,0.88,0.23627593597856172
3.09,0.87,0.23331849714650815
3.1,0.87,0.23520701227605428
3.11,0.87,0.2370877553784247
3.11,0.86,0.23413814956397194
3.12,0.86,0.23602737221699632
3.12,0.85,0.23307776640022498
3.13,0.85,0.23496698905187502
3.14,0.85,0.236857273366753
3.14,0.84,0.2339045409736933
3.15,0.84,0.2357978899094704
3.15,0.83,0.23284515751435325
3.16,0.83,0.234738506451522
3.17,0.83,0.23664654124279755
3.17,0.82,0.23369922992647302
3.18,0.82,0.23559204171186365
3.18,0.81,0.2326447303977988
3.19,0.81,0.23453754218173023
3.2,0.81,0.23641572707151046
3.2,0.8,0.2334840017166776
3.21,0.8,0.23537396523621612
3.22,0.8,0.23726392875575464
3.22,0.79,0.2343344832342915
3.23,0.79,0.23622455563422648
3.23,0.78,0.233298228739155
3.24,0.78,0.23518830114389372
3.25,0.78,0.23707837353788855
3.25,0.77,0.23415204664311318
3.26,0.77,0.2360422624157686
3.26,0.76,0.23312058215860973
3.27,0.76,0.23501181871463891
3.28,0.76,0.23690305527184177
3.28,0.75,0.23398532669325767
3.29,0.75,0.23588285086762176
3.29,0.74,0.2329564555231652
3.3,0.74,0.2348539796972107
3.31,0.74,0.2367515038739786
3.31,0.73,0.23382510852610836
3.32,0.73,0.23572762570352085
3.32,0.72,0.232805356320254
3.33,0.72,0.23470483357966826
3.34,0.72,0.23660431084027309
3.34,0.71,0.23368204145599425
3.35,0.71,0.23558137773677376
3.35,0.7,0.2326648029178485
3.36,0.7,0.2345643888213221
3.37,0.7,0.23646397472479583
3.37,0.69,0.23354739990586948
3.38,0.69,0.23544698580612194
3.39,0.69,0.23735124724103895
3.39,0.68,0.23443368380354682
3.4,0.68,0.2363362895985173
3.4,0.67,0.23341872616236697
3.41,0.67,0.23532668160619524
3.42,0.67,0.23722706873242866
3.42,0.66,0.2343228308971097
3.43,0.66,0.2362232180244875
3.43,0.65,0.23331907098532376
3.44,0.65,0.23522278153107418
3.45,0.65,0.23712649208114467
3.45,0.64,0.23422078177732503
3.46,0.64,0.23612449232707383
3.46,0.63,0.2332187820230428
3.47,0.63,0.23512941043207394
3.48,0.63,0.23703349625003634
3.48,0.62,0.23413303456934964
3.49,0.62,0.23603712038758848
3.49,0.61,0.23313665870612885
3.5,0.61,0.23513021334419665
3.51,0.61,0.23705252726156797
3.51,0.6,0.23416727712293184
3.52,0.6,0.23608959103722718
3.52,0.59,0.23320434091337439
3.53,0.59,0.2351266548193903
3.54,0.59,0.2370672402671878
3.54,0.58,0.23415090540020717
3.55,0.58,0.23611452027487034
3.55,0.57,0.23319818540992124
3.56,0.57,0.2351451539126129
3.57,0.57,0.23712128885262163
3.57,0.56,0.23421323748254488
3.58,0.56,0.2361893724496961
3.58,0.55,0.23328132110652133
3.59,0.55,0.2352574560554033
3.6,0.55,0.23719063914638944
3.6,0.54,0.2342976861174997
3.61,0.54,0.23626134925938902
3.61,0.53,0.233368396267424
3.62,0.53,0.23529537748276588
3.63,0.53,0.23726927411916768
3.63,0.52,0.23436559163079895
3.64,0.52,0.23633948824766116
3.64,0.51,0.23343580576384215
3.65,0.51,0.2353965462790653
3.66,0.51,0.23736592690635575
3.66,0.5,0.234442910845833
3.67,0.5,0.2364122914769354
3.67,0.49,0.23359127229173027
3.68,0.49,0.23551237034545416
3.68,0.48,0.23262860691696405
3.69,0.48,0.23454970497186522
3.7,0.48,0.23647080302593315
3.7,0.47,0.23358703959842386
3.71,0.47,0.2355141193593165
3.71,0.46,0.23262752881650092
3.72,0.46,0.234555699938042
3.73,0.46,0.23648387106030688
3.73,0.45,0.23359728051804873
3.74,0.45,0.23552545163491917
3.74,0.44,0.23263961071714348
3.75,0.44,0.23456786713003566
3.76,0.44,0.23649612354395777
3.76,0.43,0.23361240362679403
3.77,0.43,0.23554648220344196
3.77,0.42,0.23266667513779304
3.78,0.42,0.23459635127166067
3.79,0.42,0.23652602740379897
3.79,0.41,0.2336462203367377
3.8,0.41,0.23557426862994021
3.8,0.4,0.23269983962422885
3.81,0.4,0.23462928850885595
3.82,0.4,0.23655873739822236
3.82,0.39,0.23368636418165004
3.83,0.39,0.23561593767110237
3.83,0.38,0.23274649096018574
3.84,0.38,0.23467606445092748
3.85,0.38,0.2366056379412259
3.85,0.37,0.23373619123025213
3.86,0.37,0.23566259573455556
3.86,0.36,0.23279766405107405
3.87,0.36,0.23472786160976455
3.88,0.36,0.23665805916733165
3.88,0.35,0.2337962118170853
3.89,0.35,0.2357301977571683
3.89,0.34,0.23286243021845618
3.9,0.34,0.23479641615875665
3.91,0.34,0.23673040210241658
3.91,0.33,0.233862634559924
3.92,0.33,0.23580244851536852
3.92,0.32,0.2329385283034529
3.93,0.32,0.23487385908738095
3.94,0.32,0.2368091898753177
3.94,0.31,0.233945269659887
3.95,0.31,0.23588010009509952
3.95,0.3,0.233021257596486
3.96,0.3,0.2349566050368113
3.97,0.3,0.23689195247711617
3.97,0.29,0.23403310997748977
3.98,0.29,0.23596845741631012
3.98,0.28,0.2331096149166347
3.99,0.28,0.2350449623570231
4.0,0.28,0.23698030979933038
4.0,0.27,0.23412146729696862
4.01,0.27,0.23605681473556467
4.01,0.26,0.2331979722375141
4.02,0.26,0.2351333196764151
4.03,0.26,0.23706866711532126
4.03,0.25,0.2342098246172987
4.04,0.25,0.23614517205453647
4.04,0.24,0.23328632955918077
4.05,0.24,0.23522167699641844
