U_In-5p,U_As-4p,Eg(eV)
-5.0,4.36,0.4176157039558799
-4.99,4.36,0.41836414321341864
-4.99,4.35,0.4149910022559633
-4.98,4.35,0.4157394415135016
-4.97,4.35,0.4164878807710404
-4.96,4.35,0.4172363200014009
-4.95,4.35,0.4179847592593382
-4.94,4.35,0.41873319851727553
-4.94,4.34,0.4153600575943399
-4.93,4.34,0.4161084968508939
-4.92,4.34,0.4168569361074481
-4.91,4.34,0.4176053753699167
-4.9,4.34,0.4183538146317458
-4.9,4.33,0.41498067366807834
-4.89,4.33,0.4157291129231633
-4.88,4.33,0.4164775521731574
-4.87,4.33,0.4172259914307668
-4.86,4.33,0.4179744306911748
-4.85,4.33,0.41872286994699737
-4.85,4.32,0.4153497289937653
-4.84,4.32,0.41609714244032525
-4.83,4.32,0.41685006505381383
-4.82,4.32,0.4176029876673024
-4.81,4.32,0.4183559102854535
-4.81,4.31,0.4149768131477596
-4.8,4.31,0.4157297357644616
-4.79,4.31,0.4164853910008388
-4.78,4.31,0.41724182160192913
-4.77,4.31,0.4179982521995027
-4.76,4.31,0.41875264565684
-4.76,4.3,0.41537812935724494
-4.75,4.3,0.41613489721412944
-4.74,4.3,0.4168916650722876
-4.73,4.3,0.4176484329267407
-4.72,4.3,0.41840520078303123
-4.72,4.29,0.41503443781167837
-4.71,4.29,0.4157917968194489
-4.7,4.29,0.4165491558285257
-4.69,4.29,0.4173065148376025
-4.68,4.29,0.4180745762417619
-4.67,4.29,0.4188361503414664
-4.67,4.28,0.41546670632166083
-4.66,4.28,0.4162282804298152
-4.65,4.28,0.41698985452393256
-4.64,4.28,0.417751428623637
-4.63,4.28,0.4185314576555128
-4.63,4.27,0.415153133098652
-4.62,4.27,0.41592135708558686
-4.61,4.27,0.41668958107011234
-4.6,4.27,0.41745780505529906
-4.59,4.27,0.41823142675624503
-4.58,4.27,0.41900473154568063
-4.58,4.26,0.41562275256789083
-4.57,4.26,0.4163960573597467
-4.56,4.26,0.41716936214729783
-4.55,4.26,0.4179426669334583
-4.54,4.26,0.41872326549364014
-4.54,4.25,0.41534242963735646
-4.53,4.25,0.4161181273435799
-4.52,4.25,0.41689382506034933
-4.51,4.25,0.4176695227591294
-4.5,4.25,0.4184452204665967
-4.5,4.24,0.4150789681911222
-4.49,4.24,0.41585466589858955
-4.48,4.24,0.4166290707343867
-4.47,4.24,0.4174071710974969
-4.46,4.24,0.4181852714623371
-4.45,4.24,0.41896337182491017
-4.45,4.23,0.4155979661673759
-4.44,4.23,0.4163760665299492
-4.43,4.23,0.41715962441728793
-4.42,4.23,0.4179420522173243
-4.41,4.23,0.4187244800123129
-4.41,4.22,0.4153553959138294
-4.4,4.22,0.41613782371327623
-4.39,4.22,0.41692019902640176
-4.38,4.22,0.4177076765404757
-4.37,4.22,0.41849515405181714
-4.37,4.21,0.41511935076379114
-4.36,4.21,0.4159068282751126
-4.35,4.21,0.41669430578643385
-4.34,4.21,0.41748484500219885
-4.33,4.21,0.4182761529884218
-4.32,4.21,0.4190674609715739
-4.32,4.2,0.41569552852816316
-4.31,4.2,0.4164871821018086
-4.3,4.2,0.4172788356754541
-4.29,4.2,0.41807048924909973
-4.28,4.2,0.41886214282484036
-4.28,4.19,0.4154922890073097
-4.27,4.19,0.416283942582104
-4.26,4.19,0.4171020132430875
-4.25,4.19,0.41789631451364784
-4.24,4.19,0.4186906157842081
-4.24,4.18,0.4153474315043697
-4.23,4.18,0.41614924453384794
-4.22,4.18,0.4169510575633264
-4.21,4.18,0.4177528705904281
-4.2,4.18,0.4185546836179117
-4.2,4.17,0.41520294618845477
-4.19,4.17,0.4159836269545727
-4.18,4.17,0.4167860770957852
-4.17,4.17,0.41758852723417683
-4.16,4.17,0.4183909773751453
-4.16,4.16,0.415038629054147
-4.15,4.16,0.41584107919313484
-4.14,4.16,0.41663113689717446
-4.13,4.16,0.4174324288270579
-4.12,4.16,0.4182337207537272
-4.11,4.16,0.419026685174517
-4.11,4.15,0.4156596894729532
-4.1,4.15,0.4164612363602709
-4.09,4.15,0.4172627832502198
-4.08,4.15,0.418064330144835
-4.07,4.15,0.41886587703758316
-4.07,4.14,0.4155109507465389
-4.06,4.14,0.4163126578699152
-4.05,4.14,0.41711436498759236
-4.04,4.14,0.4179160721091475
-4.03,4.14,0.41873224146222887
-4.03,4.13,0.4153615042108013
-4.02,4.13,0.41615795781676757
-4.01,4.13,0.4169544114212477
-4.0,4.13,0.417750865027939
-3.99,4.13,0.41854731863463035
-3.99,4.12,0.41519379550105895
-3.98,4.12,0.41600454604453363
-3.97,4.12,0.41681529658803407
-3.96,4.12,0.417626047125488
-3.95,4.12,0.4184367976658603
-3.95,4.11,0.41504441210536225
-3.94,4.11,0.41587110065958044
-3.93,4.11,0.4166977892126358
-3.92,4.11,0.4175244777685123
-3.91,4.11,0.4183439852022174
-3.91,4.1,0.4149618795109532
-3.9,4.1,0.4157896280102398
-3.89,4.1,0.4166173765095269
-3.88,4.1,0.4174451250088139
-3.87,4.1,0.41827287350810094
-3.86,4.1,0.4190900210770565
-3.86,4.09,0.41572871607950346
-3.85,4.09,0.41655794014176484
-3.84,4.09,0.4173871642040262
-3.83,4.09,0.41822398055888677
-3.82,4.09,0.41906301383158007
-3.82,4.08,0.41568942971709766
-3.81,4.08,0.4165284629995646
-3.8,4.08,0.41736749627928427
-3.79,4.08,0.418206529560595
-3.78,4.08,0.419045464393482
-3.78,4.07,0.41566385291057606
-3.77,4.07,0.4165090466858885
-3.76,4.07,0.41735424046270087
-3.75,4.07,0.4181994342390769
-3.74,4.07,0.4190427426579575
-3.74,4.06,0.4156617426757373
-3.73,4.06,0.41650663317494496
-3.72,4.06,0.41735152367415274
-3.71,4.06,0.41820350140761375
-3.7,4.06,0.4190479415756012
-3.7,4.05,0.4156729191103097
-3.69,4.05,0.416517359281691
-3.68,4.05,0.4173617994501686
-3.67,4.05,0.41820623962002346
-3.66,4.05,0.4190397032481178
-3.66,4.04,0.4156753784076811
-3.65,4.04,0.41652022537037825
-3.64,4.04,0.41736507233477504
-3.63,4.04,0.418211092295784
-3.62,4.04,0.4190547657511936
-3.62,4.03,0.4156925330204664
-3.61,4.03,0.41653620647710143
-3.6,4.03,0.41737987992853753
-3.59,4.03,0.41822355338247186
-3.58,4.03,0.41908226962477835
-3.58,4.02,0.4157133912072516
-3.57,4.02,0.41656202841549994
-3.56,4.02,0.4174106656235699
-3.55,4.02,0.4182593028313335
-3.55,4.01,0.4148925752599937
-3.54,4.01,0.415745846955238
-3.53,4.01,0.41659911865048216
-3.52,4.01,0.41745239034572634
-3.51,4.01,0.4183047147629336
-3.51,4.0,0.4149401233720973
-3.5,4.0,0.4157936702832521
-3.49,4.0,0.41664721719387243
-3.48,4.0,0.4175007641039452
-3.47,4.0,0.41835431101421316
-3.47,3.99,0.4149899161118141
-3.46,3.99,0.41584381687821415
-3.45,3.99,0.416697717644984
-3.44,3.99,0.41755161841175403
-3.43,3.99,0.4184179181657318
-3.43,3.98,0.4150574305299565
-3.42,3.98,0.41591644813991624
-3.41,3.98,0.41677546574650215
-3.4,3.98,0.41763448335395026
-3.39,3.98,0.41849350096139837
-3.39,3.97,0.41513529989688513
-3.38,3.97,0.4160048984303484
-3.37,3.97,0.41687449696487033
-3.36,3.97,0.41774409550469904
-3.35,3.97,0.4186136940430567
-3.35,3.96,0.4152392883986864
-3.34,3.96,0.41611449149023916
-3.33,3.96,0.41698969457922963
-3.32,3.96,0.41786489767204116
-3.31,3.96,0.4187379407112417
-3.31,3.95,0.4153728881012828
-3.3,3.95,0.41624857878484023
-3.29,3.95,0.4171242694699493
-3.28,3.95,0.4179999601504729
-3.27,3.95,0.4188756508337238
-3.27,3.94,0.4155113510921087
-3.26,3.94,0.416387627124439
-3.25,3.94,0.41726390315585404
-3.24,3.94,0.4181401791872692
-3.23,3.94,0.4190233392301441
-3.23,3.93,0.41566372168496435
-3.22,3.93,0.4165461207397785
-3.21,3.93,0.4174285197942591
-3.2,3.93,0.41831091884882676
-3.2,3.92,0.4149513013042614
-3.19,3.92,0.4158316097578798
-3.18,3.92,0.41671783786426864
-3.17,3.92,0.41760406597065747
-3.16,3.92,0.4184902940770463
-3.16,3.91,0.41512560986266145
-3.15,3.91,0.4160118379690503
-3.14,3.91,0.41687070068887944
-3.13,3.91,0.4177474770709839
-3.12,3.91,0.4186242534530884
-3.12,3.9,0.4152968807843983
-3.11,3.9,0.41617327291040573
-3.1,3.9,0.4170496650364135
-3.09,3.9,0.41792605716242104
-3.08,3.9,0.4188024492912218
-3.08,3.89,0.41546645567695906
-3.07,3.89,0.41634284780449904
-3.06,3.89,0.41718955168819516
-3.05,3.89,0.4180640001516318
-3.04,3.89,0.4189384486223269
-3.04,3.88,0.41562768506095393
-3.03,3.88,0.41650011910303864
-3.02,3.88,0.41737255314512356
-3.01,3.88,0.41824498718007197
-3.01,3.87,0.4149159479997999
-3.0,3.87,0.41578838201579416
-2.99,3.87,0.4166972025512906
-2.98,3.87,0.4175811464712176
-2.97,3.87,0.41846509039114466
-2.97,3.86,0.41512026124245316
-2.96,3.86,0.4160042051666035
-2.95,3.86,0.416888149090754
-2.94,3.86,0.4177965238483261
-2.93,3.86,0.41869566227203514
-2.93,3.85,0.4153334593500927
-2.92,3.85,0.4162325977520609
-2.91,3.85,0.41712210968680563
-2.9,3.85,0.41802423157668167
-2.89,3.85,0.41892635346554985
-2.89,3.84,0.4155857165896738
-2.88,3.84,0.4164878384795644
-2.87,3.84,0.4173899603694551
-2.86,3.84,0.41830801308928667
-2.86,3.83,0.41497275008441914
-2.85,3.83,0.4158761140470595
-2.84,3.83,0.41677947800969994
-2.83,3.83,0.41767620132798666
-2.82,3.83,0.41859912662520216
-2.82,3.82,0.41524000517266324
-2.81,3.82,0.4161629304599429
-2.8,3.82,0.4170858557564725
-2.79,3.82,0.41800206313604604
-2.78,3.82,0.4189295138575245
-2.78,3.81,0.41556446445826034
-2.77,3.81,0.4164919151789539
-2.76,3.81,0.4174193647867115
-2.75,3.81,0.41834793494623723
-2.75,3.8,0.4149868211736992
-2.74,3.8,0.41591539132942745
-2.73,3.8,0.41684396148870095
-2.72,3.8,0.4177725316476518
-2.71,3.8,0.41870018358358063
-2.71,3.79,0.41534028018713587
-2.7,3.79,0.4162700633895495
-2.69,3.79,0.41719984659574516
-2.68,3.79,0.4181296298016248
-2.67,3.79,0.4190594130078501
-2.67,3.78,0.4157256989794448
-2.66,3.78,0.4166610774994137
-2.65,3.78,0.41759645601830364
-2.64,3.78,0.41853183453719356
-2.64,3.77,0.41517887218918825
-2.63,3.77,0.416124906252875
-2.62,3.77,0.41707094031391234
-2.61,3.77,0.41801697438690244
-2.6,3.77,0.4189630084566899
-2.6,3.76,0.41558478094113005
-2.59,3.76,0.4165365558672711
-2.58,3.76,0.41748833079556424
-2.57,3.76,0.41844010571862666
-2.57,3.75,0.415064126202327
-2.56,3.75,0.41601730938397163
-2.55,3.75,0.41697049256561636
-2.54,3.75,0.4179236757467599
-2.53,3.75,0.4188768589288052
-2.53,3.74,0.41551565400728063
-2.52,3.74,0.416468837188805
-2.51,3.74,0.4174245792075293
-2.5,3.74,0.41837814224621805
-2.5,3.73,0.41502222540204814
-2.49,3.73,0.4159757884407367
-2.48,3.73,0.41694929775136
-2.47,3.73,0.4179139567971365
-2.46,3.73,0.4188786158328045
-2.46,3.72,0.4155145828307931
-2.45,3.72,0.41647924186936713
-2.44,3.72,0.41744455857529206
-2.43,3.72,0.4184152150306907
-2.43,3.71,0.41504319735983486
-2.42,3.71,0.41601385380591005
-2.41,3.71,0.4169827303167468
-2.4,3.71,0.4179566869468875
-2.39,3.71,0.4189306435771416
-2.39,3.7,0.4155685243949345
-2.38,3.7,0.41654248102820546
-2.37,3.7,0.41751643765812996
-2.36,3.7,0.41847982488069757
-2.36,3.69,0.41511986577982896
-2.35,3.69,0.41609596047346586
-2.34,3.69,0.4170720551684829
-2.33,3.69,0.41804814985630856
-2.32,3.69,0.4190242445474853
-2.32,3.68,0.4156369636601043
-2.31,3.68,0.41660753397857575
-2.3,3.68,0.41757810429704845
-2.29,3.68,0.41854867461552037
-2.29,3.67,0.41534355110287624
-2.28,3.67,0.4163913707528235
-2.27,3.67,0.41743919037094535
-2.26,3.67,0.4184870100130955
-2.26,3.66,0.41508213569182717
-2.25,3.66,0.4161380609748251
-2.24,3.66,0.41719398623578874
-2.23,3.66,0.41824991162516945
-2.23,3.65,0.41487351883991197
-2.22,3.65,0.4159294441612247
-2.21,3.65,0.416982744404075
-2.2,3.65,0.4180626252060041
-2.19,3.65,0.41914250606507353
-2.19,3.64,0.4157900021063724
-2.18,3.64,0.4168698829172488
-2.17,3.64,0.4179497637581352
-2.17,3.63,0.4152015537837732
-2.16,3.63,0.4164110670995619
-2.15,3.63,0.4176205804186448
-2.14,3.63,0.4188300937377276
-2.14,3.62,0.41506968226251284
-2.13,3.62,0.41628032999070896
-2.12,3.62,0.4174909775910872
-2.11,3.62,0.418701625216942
-2.11,3.61,0.4154440636363288
-2.1,3.61,0.4166760066503733
-2.09,3.61,0.41790794965714473
-2.08,3.61,0.41913989264692253
-2.08,3.6,0.4159576953698143
-2.07,3.6,0.41718963849402946
-2.06,3.6,0.41789909956642635
-2.05,3.6,0.41903538557569564
-2.05,3.59,0.4157596630484979
-2.04,3.59,0.4168959489334636
-2.03,3.59,0.4180322349030825
-2.02,3.59,0.4191685208436793
-2.02,3.58,0.4154630120700553
-2.01,3.58,0.41650679320095463
-2.0,3.58,0.4175505737738715
-1.99,3.58,0.4185943546702633
-1.99,3.57,0.4152821625991707
-1.98,3.57,0.41603216928259434
-1.97,3.57,0.4167821761021314
-1.96,3.57,0.41753218314984797
-1.95,3.57,0.41828219014917156
-1.95,3.56,0.41571166198377774
-1.94,3.56,0.41622773568886196
-1.93,3.56,0.41674380939394196
-1.92,3.56,0.4172598830991453
-1.91,3.56,0.41777595680718216
-1.9,3.56,0.41829203051462527
-1.89,3.56,0.41840106556682555
-1.89,3.55,0.4157207158122548
-1.88,3.55,0.41617020747997135
-1.87,3.55,0.4166196981971906
-1.86,3.55,0.41706918975322316
-1.85,3.55,0.417518681312002
-1.84,3.55,0.4179681728707809
-1.83,3.55,0.4184247010434614
-1.83,3.54,0.41570288843553693
-1.82,3.54,0.4161204356230488
-1.81,3.54,0.41653798272641374
-1.8,3.54,0.4169555296585533
-1.79,3.54,0.41737307667848533
-1.79,3.53,0.41564408560000043
-1.78,3.53,0.4161641694236262
-1.77,3.53,0.41668425324725206
-1.76,3.53,0.41720433731384415
-1.75,3.53,0.4177244212785644
-1.74,3.53,0.4182445052432847
-1.74,3.52,0.4160736357845346
-1.73,3.52,0.41705484742774834
-1.72,3.52,0.41803605892881646
-1.71,3.52,0.4190172707777593
-1.71,3.51,0.4147169799387852
-1.7,3.51,0.41591078651023594
-1.69,3.51,0.41710459323504545
-1.68,3.51,0.4182984001366352
-1.68,3.5,0.41475639446885504
-1.67,3.5,0.4159502012492585
-1.66,3.5,0.4171130451145061
-1.65,3.5,0.4184064539362172
-1.65,3.49,0.4149640272439763
-1.64,3.49,0.41625743584846253
-1.63,3.49,0.4175508443446463
-1.62,3.49,0.41884425289278915
-1.62,3.48,0.4157027433156746
-1.61,3.48,0.4170376411888348
-1.6,3.48,0.41837253900267457
-1.6,3.47,0.4145610099064988
-1.59,3.47,0.41521632094165417
-1.58,3.47,0.41663764716618923
-1.57,3.47,0.4180589733907242
-1.56,3.47,0.4194802995922049
-1.56,3.46,0.41610121915913023
-1.55,3.46,0.4174268313959515
-1.54,3.46,0.4187524436203687
-1.54,3.45,0.4150318086498763
-1.53,3.45,0.41635742080579885
-1.52,3.45,0.4176830329617214
-1.51,3.45,0.4189123383095019
-1.51,3.44,0.4151788568949476
-1.5,3.44,0.4164910842093451
-1.49,3.44,0.4178033115237425
-1.48,3.44,0.4191155388383162
-1.48,3.43,0.41538205744214396
-1.47,3.43,0.41633153127801215
-1.46,3.43,0.41757605877988846
-1.45,3.43,0.41882058625175067
-1.45,3.42,0.4152405042561722
-1.44,3.42,0.416730857938017
-1.43,3.42,0.4177930219578121
-1.42,3.42,0.41885518597702576
-1.42,3.41,0.415513617696305
-1.41,3.41,0.41661953329703305
-1.4,3.41,0.41767129992920793
-1.39,3.41,0.4187230665664631
-1.39,3.4,0.41538824100147675
-1.38,3.4,0.4164400076383896
-1.37,3.4,0.41749177427607054
-1.36,3.4,0.41854633362520977
-1.36,3.39,0.4152143017482999
-1.35,3.39,0.41626888051728805
-1.34,3.39,0.41732345928693293
-1.33,3.39,0.41837803805718343
-1.33,3.38,0.4150460061818019
-1.32,3.38,0.41610836315053634
-1.31,3.38,0.41716486650725604
-1.3,3.38,0.4182213698622774
-1.3,3.37,0.4148939119937012
-1.29,3.37,0.4159548916733068
-1.28,3.37,0.417020225968887
-1.27,3.37,0.4180855602644673
-1.26,3.37,0.41915089455711385
-1.26,3.36,0.41580963284112915
-1.25,3.36,0.41687694323759095
-1.24,3.36,0.4179442536295994
-1.23,3.36,0.4190115640310019
-1.23,3.35,0.4156772801381232
-1.22,3.35,0.416744590533778
-1.21,3.35,0.4178190922532784
-1.2,3.35,0.418889921286447
-1.2,3.34,0.4155591086647643
-1.19,3.34,0.4166299377026579
-1.18,3.34,0.4177007667513256
-1.17,3.34,0.418771595794297
-1.17,3.33,0.4154538467424318
-1.16,3.33,0.41652771628855734
-1.15,3.33,0.41760158583384166
-1.14,3.33,0.41867545537961615
-1.14,3.32,0.41532792662720475
-1.13,3.32,0.4163998176420004
-1.12,3.32,0.41747170866360217
-1.11,3.32,0.41854359968407706
-1.11,3.31,0.4152070318688703
-1.1,3.31,0.4162801493181554
-1.09,3.31,0.41735326677411566
-1.08,3.31,0.418426384206933
-1.08,3.3,0.41509425285374013
-1.07,3.3,0.41616737029794404
-1.06,3.3,0.4172807080496307
-1.05,3.3,0.4183593524273732
-1.05,3.29,0.41503245686715795
-1.04,3.29,0.4161111012420332
-1.03,3.29,0.4171897456204473
-1.02,3.29,0.4182683899973424
-1.02,3.28,0.41498344207813154
-1.01,3.28,0.4160711827798894
-1.0,3.28,0.41715892348353945
-0.99,3.28,0.4182466641871895
-0.99,3.27,0.41494000865585545
-0.98,3.27,0.41604870053164456
-0.97,3.27,0.4171573924155654
-0.96,3.27,0.4182660842994861
-0.96,3.26,0.4148938413153197
-0.95,3.26,0.4160113320635367
-0.94,3.26,0.41712882281174957
-0.93,3.26,0.41824631354934017
-0.93,3.25,0.4149050258898639
-0.92,3.25,0.4160225166424576
-0.91,3.25,0.4170769050222468
-0.9,3.25,0.4181950235617916
-0.9,3.24,0.4148548789944484
-0.89,3.24,0.4159729975641292
-0.88,3.24,0.41709111611961014
-0.87,3.24,0.41820923468235716
-0.87,3.23,0.4148608616262407
-0.86,3.23,0.41597618024683136
-0.85,3.23,0.4170914988693859
-0.84,3.23,0.41820681749194055
-0.84,3.22,0.41486133288263227
-0.83,3.22,0.41596832924615446
-0.82,3.22,0.41707532559755434
-0.81,3.22,0.4181823219470774
-0.81,3.21,0.4148686701882909
-0.8,3.21,0.4159713185216236
-0.79,3.21,0.4170739668596739
-0.78,3.21,0.41817661519433746
-0.78,3.2,0.4148473247136165
-0.77,3.2,0.4159499730585945
-0.76,3.2,0.41708341853533915
-0.75,3.2,0.4181897590797128
-0.75,3.19,0.4148638981406454
-0.74,3.19,0.4159702386607903
-0.73,3.19,0.417076579151067
-0.72,3.19,0.41818291965685517
-0.72,3.18,0.41485083801341416
-0.71,3.18,0.4159574262432487
-0.7,3.18,0.41706401446294117
-0.69,3.18,0.4181706026886023
-0.69,3.17,0.4148623144477801
-0.68,3.17,0.4159824233173225
-0.67,3.17,0.41710253218727344
-0.66,3.17,0.4182226410568094
-0.66,3.16,0.41490888016606153
-0.65,3.16,0.4160294826046801
-0.64,3.16,0.4171500850436669
-0.63,3.16,0.418270687490667
-0.63,3.15,0.4149585590095102
-0.62,3.15,0.41607916145285817
-0.61,3.15,0.4172087999716302
-0.6,3.15,0.41833263834316237
-0.6,3.14,0.415023673420006
-0.59,3.14,0.4161475117947835
-0.58,3.14,0.41727135018564343
-0.57,3.14,0.4183951885685928
-0.57,3.13,0.41510350416695496
-0.56,3.13,0.41623121628546933
-0.55,3.13,0.41735892840565336
-0.54,3.13,0.4184866405258374
-0.54,3.12,0.41518768712152854
-0.53,3.12,0.4163244895385426
-0.52,3.12,0.41746129195212145
-0.51,3.12,0.41859809435984086
-0.51,3.11,0.41526900412034884
-0.5,3.11,0.41641076961779144
-0.49,3.11,0.41755253511092005
-0.48,3.11,0.4186943006043681
-0.48,3.1,0.41538237113733156
-0.47,3.1,0.4165241366314282
-0.46,3.1,0.41766838110051563
-0.45,3.1,0.4188125008385557
-0.45,3.09,0.41550291481105894
-0.44,3.09,0.4166470345508205
-0.43,3.09,0.41779115428828195
-0.42,3.09,0.41893527402689135
-0.42,3.08,0.41563518956367906
-0.41,3.08,0.41678146814672845
-0.4,3.08,0.417927746734709
-0.39,3.08,0.419074025319389
-0.39,3.07,0.41577145447445796
-0.38,3.07,0.41692498491817065
-0.37,3.07,0.41807851536277874
-0.36,3.07,0.41923204580387385
-0.36,3.06,0.4159160132928148
-0.35,3.06,0.4170714398150688
-0.34,3.06,0.41822686633649064
-0.34,3.05,0.41491716230829057
-0.33,3.05,0.4160725888287382
-0.32,3.05,0.4172280153510388
-0.31,3.05,0.4183870361025207
-0.31,3.04,0.4150802429334396
-0.3,3.04,0.41623859684052444
-0.29,3.04,0.4173969507474178
-0.28,3.04,0.41855530465571156
-0.28,3.03,0.41524851148968744
-0.27,3.03,0.41641676625923396
-0.26,3.03,0.41757742200938397
-0.25,3.03,0.418738077755753
-0.25,3.02,0.41543608219994443
-0.24,3.02,0.41659752481312406
-0.23,3.02,0.41776561413970126
-0.22,3.02,0.41893370346627834
-0.22,3.01,0.4156218268757921
-0.21,3.01,0.41679128714191227
-0.2,3.01,0.41796123227197124
-0.19,3.01,0.4191311774038353
-0.19,3.0,0.4158267011649208
-0.18,3.0,0.41699664629388566
-0.17,3.0,0.4181665914228505
-0.17,2.99,0.4148667702578821
-0.16,2.99,0.4160395227669257
-0.15,2.99,0.41721227527620997
-0.14,2.99,0.4183850277862683
-0.14,2.98,0.4150833304526973
-0.13,2.98,0.41625608296025185
-0.12,2.98,0.4174363904389464
-0.11,2.98,0.41861102373809345
-0.11,2.97,0.4153158804289214
-0.1,2.97,0.41649051372807533
-0.09,2.97,0.41766712840465436
-0.08,2.97,0.4188485593267136
-0.08,2.96,0.415544363345302
-0.07,2.96,0.4167257942720304
-0.06,2.96,0.4179079503778864
-0.05,2.96,0.41909119079463053
-0.05,2.95,0.41579350903862133
-0.04,2.95,0.41697674945331775
-0.03,2.95,0.41815998986802594
-0.03,2.94,0.4148623081171259
-0.02,2.94,0.4160455485262827
-0.01,2.94,0.41723548295818524
0.0,2.94,0.4184215035138835
0.0,2.93,0.415126585399609
0.01,2.93,0.416312605955794
0.02,2.93,0.41749862651330505
0.03,2.93,0.41872273340112887
0.03,2.92,0.4154316070488946
0.04,2.92,0.4166256059126384
0.05,2.92,0.4177978595064096
0.06,2.92,0.4190001100272005
0.06,2.91,0.4156954053175794
0.07,2.91,0.41689765583878924
0.08,2.91,0.4180999063602642
0.08,2.9,0.41478436779172967
0.09,2.9,0.4160017991699191
0.1,2.9,0.41721923051813803
0.11,2.9,0.41843666187252926
0.11,2.89,0.41512418721046584
0.12,2.89,0.4163416185656542
0.13,2.89,0.41755904992738024
0.14,2.89,0.41878084815709027
0.14,2.88,0.4154670382847794
0.15,2.88,0.41669112700281863
0.16,2.88,0.4179152157219672
0.17,2.88,0.4191393044411158
0.17,2.87,0.4158210584501493
0.18,2.87,0.41704371427624476
0.19,2.87,0.41826637010080203
0.19,2.86,0.4149500746748289
0.2,2.86,0.416175678383905
0.21,2.86,0.41740128209103566
0.22,2.86,0.4186268857974055
0.22,2.85,0.4153198412305057
0.23,2.85,0.41654544493726253
0.24,2.85,0.41774243248649934
0.25,2.85,0.41896207699818466
0.25,2.84,0.4156493992376402
0.26,2.84,0.416869043747372
0.27,2.84,0.4180886882537087
0.27,2.83,0.41477601049857304
0.28,2.83,0.41597805385743125
0.29,2.83,0.41719413106393977
0.3,2.83,0.4184102082434714
0.3,2.82,0.4150973383888533
0.31,2.82,0.41633584958724335
0.32,2.82,0.4175438043266123
0.33,2.82,0.41875175906371676
0.33,2.81,0.4154494022679813
0.34,2.81,0.41668643278943496
0.35,2.81,0.41789108655850615
0.36,2.81,0.4190957403226355
0.36,2.8,0.4158100298457602
0.37,2.8,0.41701468361216487
0.38,2.8,0.41821933737934347
0.38,2.79,0.41495077539751324
0.39,2.79,0.4161596778968476
0.4,2.79,0.417368580397065
0.41,2.79,0.4185774828869813
0.41,2.78,0.41529583142390025
0.42,2.78,0.4165047339269603
0.43,2.78,0.4177209886682204
0.44,2.78,0.41893213289623316
0.44,2.77,0.4156315555851393
0.45,2.77,0.41685459134940245
0.46,2.77,0.41807762711475266
0.46,2.76,0.4148012183614895
0.47,2.76,0.4160242541264902
0.48,2.76,0.417247289891496
0.49,2.76,0.4184747771748294
0.49,2.75,0.4151971744353442
0.5,2.75,0.41642326864859236
0.51,2.75,0.41764936286193016
0.52,2.75,0.4188754570776021
0.52,2.74,0.41559785433733315
0.53,2.74,0.41682394855020993
0.54,2.74,0.4180623001938947
0.54,2.73,0.4147817674411586
0.55,2.73,0.41601251077929036
0.56,2.73,0.41724325411754737
0.57,2.73,0.41847399745720687
0.57,2.72,0.41520632769901344
0.58,2.72,0.416441310690429
0.59,2.72,0.4176762936808091
0.6,2.72,0.4189079388981015
0.6,2.71,0.41563213524155473
0.61,2.71,0.41686906678179725
0.62,2.71,0.41810599831791356
0.62,2.7,0.4148301946651954
0.63,2.7,0.41606712620354913
0.64,2.7,0.41730923323323366
0.65,2.7,0.4185499702264387
0.65,2.69,0.4152779775272736
0.66,2.69,0.4165187145169386
0.67,2.69,0.41775945150614574
0.68,2.69,0.41900018849536524
0.68,2.68,0.4157375777873279
0.69,2.68,0.4169804183748317
0.7,2.68,0.4182232589615352
0.7,2.67,0.41495899260910674
0.71,2.67,0.41620438180702346
0.72,2.67,0.4174558583617996
0.73,2.67,0.41870733491700884
0.73,2.66,0.4154315731937759
0.74,2.66,0.41668305755318
0.75,2.66,0.41793703331110577
0.76,2.66,0.4191910090691867
0.76,2.65,0.41592228562516026
0.77,2.65,0.41717626138357516
0.78,2.65,0.41843023714246713
0.78,2.64,0.4151644111341524
0.79,2.64,0.4164209490146127
0.8,2.64,0.4176774868935615
0.81,2.64,0.41893402477115266
0.81,2.63,0.41566788257227505
0.82,2.63,0.4169244204512237
0.83,2.63,0.41818525515911176
0.83,2.62,0.4149254712628515
0.84,2.62,0.41618303389153105
0.85,2.62,0.4174387095505664
0.86,2.62,0.4186982574058927
0.86,2.61,0.4154390365992229
0.87,2.61,0.4166985844545059
0.88,2.61,0.4179581323111621
0.89,2.61,0.41922005284278235
0.89,2.6,0.4159585170487306
0.9,2.6,0.41722208564398844
0.91,2.6,0.41848565423933404
0.91,2.59,0.41522411844391094
0.92,2.59,0.41648768703978023
0.93,2.59,0.4177512556342695
0.94,2.59,0.41902202420171475
0.94,2.58,0.4157587942224813
0.95,2.58,0.41702544288398025
0.96,2.58,0.4182920915454892
0.96,2.57,0.4150288615662581
0.97,2.57,0.4162955102276286
0.98,2.57,0.41756951334528847
0.99,2.57,0.418837882495722
0.99,2.56,0.4155760290085366
1.0,2.56,0.41684560141317295
1.01,2.56,0.4181151738186029
1.01,2.55,0.4148564661113954
1.02,2.55,0.4161260385160295
1.03,2.55,0.417395610920853
1.04,2.55,0.4186684895527414
1.04,2.54,0.41541170867951527
1.05,2.54,0.4166832090730289
1.06,2.54,0.41795470946607327
1.07,2.54,0.41922620985666664
1.07,2.53,0.4159694289864118
1.08,2.53,0.41727993493468596
1.09,2.53,0.4185589857941002
1.09,2.52,0.41527777259662113
1.1,2.52,0.41656458861685486
1.11,2.52,0.41785140464543913
1.12,2.52,0.41913822067041673
1.12,2.51,0.4158717519805958
1.13,2.51,0.4171585680041008
1.14,2.51,0.41846754556217697
1.14,2.5,0.41519325063586177
1.15,2.5,0.4164975767109937
1.16,2.5,0.4178019027861256
1.17,2.5,0.41910622884771837
1.17,2.49,0.4158319339276851
1.18,2.49,0.4171362599982345
1.19,2.49,0.4183956292562436
1.19,2.48,0.4151314591391684
1.2,2.48,0.41642962689056656
1.21,2.48,0.4177277946398713
1.22,2.48,0.41902596238446416
1.22,2.47,0.415749732818109
1.23,2.47,0.41704406012494066
1.24,2.47,0.41833838743204305
1.24,2.46,0.4150854619908103
1.25,2.46,0.4163796837090926
1.26,2.46,0.4176739054267609
1.27,2.46,0.41896812715501547
1.27,2.45,0.41571372032291104
1.28,2.45,0.4170079420402785
1.29,2.45,0.41832354731269683
1.29,2.44,0.4150691060695074
1.3,2.44,0.4163636983375804
1.31,2.44,0.417658290609662
1.32,2.44,0.418952882871218
1.32,2.43,0.41569844163258696
1.33,2.43,0.41700289964858644
1.34,2.43,0.4182996386582083
1.34,2.42,0.4150974276091296
1.35,2.42,0.41638556797183357
1.36,2.42,0.4176737083319816
1.37,2.42,0.4189618486700988
1.37,2.41,0.4157445737133051
1.38,2.41,0.41703271406694653
1.39,2.41,0.41832217638043157
1.39,2.4,0.41509010020817017
1.4,2.4,0.41639944762487346
1.41,2.4,0.4177087950324886
1.42,2.4,0.4190181424512167
1.42,2.39,0.4157860662845857
1.43,2.39,0.41709541369618225
1.44,2.39,0.41842161625563545
1.44,2.38,0.41518567959157093
1.45,2.38,0.4165032263650238
1.46,2.38,0.417820773138208
1.47,2.38,0.4191383199113923
1.47,2.37,0.4159103682702813
1.48,2.37,0.41723010565415297
1.49,2.37,0.41854984303792486
1.49,2.36,0.41532246725713007
1.5,2.36,0.41664465665751244
1.51,2.36,0.41796684605627454
1.51,2.35,0.41474465020800333
1.52,2.35,0.41606683960926183
1.53,2.35,0.41738902901052033
1.54,2.35,0.4187169068432657
1.54,2.34,0.4154985018038799
1.55,2.34,0.4168244538644783
1.56,2.34,0.4181504059250768
1.56,2.33,0.414932000882148
1.57,2.33,0.4162579529454723
1.58,2.33,0.4175937731714541
1.59,2.33,0.41892168853970196
1.59,2.32,0.4157090035886604
1.6,2.32,0.4170398790241837
1.61,2.32,0.41837075445875127
1.61,2.31,0.4151642700604953
1.62,2.31,0.41649514549714683
1.63,2.31,0.4178260209335809
1.64,2.31,0.41921367239192203
1.64,2.3,0.4160030574436111
1.65,2.3,0.41735581869211347
1.66,2.3,0.41870857992464394
1.66,2.29,0.4154979649919464
1.67,2.29,0.41685072623647673
1.68,2.29,0.41820348749560443
1.68,2.28,0.41499767583464076
1.69,2.28,0.41636705379077565
1.7,2.28,0.417736431762884
1.71,2.28,0.41910580972700573
1.71,2.27,0.4158763953230801
1.72,2.27,0.4172427901419617
1.73,2.27,0.4186091849613683
1.73,2.26,0.41540948399647004
1.74,2.26,0.41674424377171665
1.75,2.26,0.41812073050947707
1.75,2.25,0.4149072891413267
1.76,2.25,0.41628377587908705
1.77,2.25,0.4176602626459571
1.78,2.25,0.41903674939512814
1.78,2.24,0.415782797894237
1.79,2.24,0.41714851618532023
1.8,2.24,0.41851423447895536
1.8,2.23,0.41531218064111997
1.81,2.23,0.4166778989270842
1.82,2.23,0.4180436172109876
1.82,2.22,0.41482900443015835
1.83,2.22,0.4161922795535409
1.84,2.22,0.4175555546754025
1.85,2.22,0.4189451366602812
1.85,2.21,0.4157287967022442
1.86,2.21,0.4170789149877935
1.87,2.21,0.4184290332707619
1.87,2.2,0.4152126933107574
1.88,2.2,0.41656281159453956
1.89,2.2,0.4179192527913949
1.9,2.2,0.41927154318971877
1.9,2.19,0.4160573352589361
1.91,2.19,0.4174096256504378
1.92,2.19,0.4187619160465792
1.92,2.18,0.41554770811648767
1.93,2.18,0.41691896083933283
1.94,2.18,0.41827477625719883
1.94,2.17,0.4150457435843415
1.95,2.17,0.41640720649523333
1.96,2.17,0.41776866940373386
1.97,2.17,0.4191301323132769
1.97,2.16,0.4159110748767438
1.98,2.16,0.41727253778609696
1.99,2.16,0.4186366347721796
1.99,2.15,0.41541293845704697
2.0,2.15,0.41678152883490993
2.01,2.15,0.4181501192132141
2.01,2.14,0.41492642289777026
2.02,2.14,0.41629501327540047
2.03,2.14,0.4176636036527493
2.04,2.14,0.419040806214173
2.04,2.13,0.4158151992357424
2.05,2.13,0.4171880761818233
2.06,2.13,0.41856095312794084
2.06,2.12,0.41533534614830414
2.07,2.12,0.41670822309640415
2.08,2.12,0.4180892612339302
2.08,2.11,0.4148547365238875
2.09,2.11,0.4162362704290917
2.1,2.11,0.4176133770607229
2.11,2.11,0.41899048369680225
2.11,2.1,0.4157654078291383
2.12,2.1,0.41714251445936573
2.13,2.1,0.41851962109103674
2.13,2.09,0.41530219477810487
2.14,2.09,0.4166816634674264
2.15,2.09,0.41806113215680646
2.15,2.08,0.41483836124115536
2.16,2.08,0.41621782993063994
2.17,2.08,0.41759729861997313
2.18,2.08,0.41898351136636447
2.18,2.07,0.41577326229280154
2.19,2.07,0.4171540015766663
2.2,2.07,0.4185422174366462
2.2,2.06,0.41533996946858237
2.21,2.06,0.4167206365221978
2.22,2.06,0.41810130357581327
2.22,2.05,0.4148990555996926
2.23,2.05,0.41627972265699476
2.24,2.05,0.41766608494792534
2.25,2.05,0.41905424300672545
2.25,2.04,0.4158484270456378
2.26,2.04,0.4172365851020646
2.27,2.04,0.418624743158642
2.27,2.03,0.41541892719272894
2.28,2.03,0.4168103021405026
2.29,2.03,0.41820654117173794
2.29,2.02,0.41499753582463517
2.3,2.02,0.4163937748603043
2.31,2.02,0.4177981742753206
2.32,2.02,0.41919112028578664
2.32,2.01,0.41600193503798233
2.33,2.01,0.4173948810479323
2.34,2.01,0.4187901735773557
2.34,2.0,0.4155969342694612
2.35,2.0,0.41699606946341355
2.36,2.0,0.4183952046522233
2.36,1.99,0.41520196534960224
2.37,1.99,0.4166011005395059
2.38,1.99,0.4180002357333069
2.38,1.98,0.4147898656115679
2.39,1.98,0.4161837296709272
2.4,1.98,0.41757759372806386
2.41,1.98,0.4189714577850203
2.41,1.97,0.415774242123293
2.42,1.97,0.41716840988804227
2.43,1.97,0.4185625776527913
2.43,1.96,0.41537329970284076
2.44,1.96,0.416778881608052
2.45,1.96,0.4181706278828095
2.45,1.95,0.41498549537362306
2.46,1.95,0.41637724164362233
2.47,1.95,0.41776898791411915
2.48,1.95,0.4191607341967332
2.48,1.94,0.41599787982831743
2.49,1.94,0.41739473537679395
2.5,1.94,0.4187915909331384
2.5,1.93,0.4156004868166119
2.51,1.93,0.41699734237015945
2.52,1.93,0.4183941979251991
2.52,1.92,0.4152198799912358
2.53,1.92,0.41662189633679003
2.54,1.92,0.4180239126850578
2.54,1.91,0.414843271899666
2.55,1.91,0.4162479707089452
2.56,1.91,0.4176526695151745
2.57,1.91,0.4190573683091087
2.57,1.9,0.41587883566374845
2.58,1.9,0.4172835344643067
2.59,1.9,0.41868383997663083
2.59,1.89,0.41551245713235424
2.6,1.89,0.4169239913155088
2.61,1.89,0.4183355254997635
2.61,1.88,0.4151641426541915
2.62,1.88,0.41657567683667107
2.63,1.88,0.41797905428019305
2.63,1.87,0.41482075462003326
2.64,1.87,0.4162308212956737
2.65,1.87,0.4176440211242662
2.66,1.87,0.4190535246218544
2.66,1.86,0.4158980231581036
2.67,1.86,0.41730752665601656
2.68,1.86,0.4187170301539436
2.68,1.85,0.4155611747048988
2.69,1.85,0.41697219143487196
2.7,1.85,0.41838320816368035
2.7,1.84,0.41522698207998143
2.71,1.84,0.41663799881068947
2.72,1.84,0.41804901554139756
2.72,1.83,0.41489278945756336
2.73,1.83,0.4163032944619016
2.74,1.83,0.4177148128245953
2.75,1.83,0.41912633118732245
2.75,1.82,0.4159701064867519
2.76,1.82,0.41738595795675215
2.77,1.82,0.4187961096963643
2.77,1.81,0.4156481564701895
2.78,1.81,0.417058308209719
2.79,1.81,0.4184743925908894
2.79,1.8,0.41532702674161653
2.8,1.8,0.4167380568946632
2.81,1.8,0.4181490870459147
2.81,1.79,0.4150017211995399
2.82,1.79,0.41641275135239225
2.83,1.79,0.4178237815050195
2.84,1.79,0.41924852732870205
2.84,1.78,0.4160981799479128
2.85,1.78,0.417514901673427
2.86,1.78,0.41893162339977374
2.86,1.77,0.41578488105640593
2.87,1.77,0.4171997717349524
2.88,1.77,0.4186146624112647
2.88,1.76,0.41547528106107806
2.89,1.76,0.416897020527597
2.9,1.76,0.41831703425419203
2.9,1.75,0.41517529210465026
2.91,1.75,0.41659530582506615
2.92,1.75,0.4180153195512363
2.92,1.74,0.41487357739945885
2.93,1.74,0.41629359112185754
2.94,1.74,0.4177257392908863
2.95,1.74,0.4191517614931121
2.95,1.73,0.41600738188285313
2.96,1.73,0.4174334040868903
2.97,1.73,0.4188594262837026
2.97,1.72,0.41572208929440446
2.98,1.72,0.417150031902456
2.99,1.72,0.41857797451115136
2.99,1.71,0.41543652842986306
3.0,1.71,0.4168667879658037
3.01,1.71,0.41829704749909474
3.01,1.7,0.41515999207718524
3.02,1.7,0.4165902516105673
3.03,1.7,0.4180205111439494
3.03,1.69,0.41488658677450746
3.04,1.69,0.416318943731058
3.05,1.69,0.4177513006873832
3.06,1.69,0.41918365764383625
3.06,1.68,0.4160487143629187
3.07,1.68,0.4174810713203447
3.08,1.68,0.4189161424711464
3.08,1.67,0.41578847109665024
3.09,1.67,0.4172212983872444
3.1,1.67,0.41865615826075137
3.1,1.66,0.41553150278312495
3.11,1.66,0.4169653101899935
3.12,1.66,0.4183991175972695
3.12,1.65,0.41527446211892577
3.13,1.65,0.4167082695258915
3.14,1.65,0.4181452458860366
3.14,1.64,0.41501904424424624
3.15,1.64,0.4164562705664472
3.16,1.64,0.41789349688825683
3.16,1.63,0.41476729524770967
3.17,1.63,0.416204521569415
3.18,1.63,0.4176414120371147
3.19,1.63,0.4190809964150933
3.19,1.62,0.41595422777326235
3.2,1.62,0.4173938121571004
3.21,1.62,0.4188360199230289
3.21,1.61,0.4157189450186387
3.22,1.61,0.417156905307196
3.23,1.61,0.41859486559617465
3.23,1.6,0.4154792856941519
3.24,1.6,0.41692033766494413
3.25,1.6,0.41836138963504654
3.25,1.59,0.4152432146322604
3.26,1.59,0.41668426660423524
3.27,1.59,0.41812531857418556
3.27,1.58,0.41500714357145346
3.28,1.58,0.416451792032238
3.29,1.58,0.41789680782729915
3.29,1.57,0.4147765385957975
3.3,1.57,0.4162215543904923
3.31,1.57,0.4176714826321518
3.32,1.57,0.41911452739514193
3.32,1.56,0.4160061134477533
3.33,1.56,0.4174491582103585
3.34,1.56,0.41889721509205596
3.34,1.55,0.41578672330905286
3.35,1.55,0.41723398731145894
3.36,1.55,0.4186812513126518
3.36,1.54,0.41557075953144923
3.37,1.54,0.417018023532657
3.38,1.54,0.4184652875333418
3.38,1.53,0.4153913081537451
3.39,1.53,0.4168616539546895
3.4,1.53,0.41833199975324403
3.4,1.52,0.4152050560033896
3.41,1.52,0.4166989557530938
3.42,1.52,0.418163524828766
3.42,1.51,0.4150718073102708
3.43,1.51,0.4165363763972055
3.44,1.51,0.4179919674847875
3.44,1.5,0.41488799926485864
3.45,1.5,0.41636653451624317
3.46,1.5,0.4178450697545846
3.46,1.49,0.41474110154665766
3.47,1.49,0.4162196367858433
3.48,1.49,0.4176981720417187
3.49,1.49,0.4191404280568341
3.49,1.48,0.41604425413556617
3.5,1.48,0.41752068198309517
3.51,1.48,0.4189971098317817
3.51,1.47,0.4159009359071971
3.52,1.47,0.41737736374181483
3.53,1.47,0.41885379160514485
3.53,1.46,0.41575761767560837
3.54,1.46,0.4172340455096727
3.55,1.46,0.4187104733437371
3.55,1.45,0.4156142994456747
3.56,1.45,0.4170907272837319
3.57,1.45,0.418567155122186
3.57,1.44,0.41547098121740983
3.58,1.44,0.4169474090546274
3.59,1.44,0.418423836879435
3.59,1.43,0.4153276629782703
3.6,1.43,0.41680409081276504
